,Age0_14_Male,Age0_14_MaleRate,Age15_24_Male,Age15_24_MaleRate,Age25_44_Male,Age25_44_MaleRate,Age45_64_Male,Age45_64_MaleRate,Age65Plus_Male,Age65Plus_MaleRate
0,,,,,,,24.0,5.98,286.0,139.02
1,,,,,,,,,29.0,107.67
2,,,,,,,,,13.0,109.62
3,,,,,,,,,8.0,95.53
4,,,,,,,,,9.0,128.11
5,,,,,,,8.0,13.15,49.0,149.63
6,,,,,,,,,,
7,,,,,,,,,11.0,124.94
8,,,,,,,,,,
9,,,,,,,,,12.0,128.14
10,,,,,,,,,5.0,362.02
11,,,,,,,,,9.0,210.22
12,,,,,,,,,,
13,,,,,,,,,5.0,128.39
14,,,,,,,,,,
15,,,,,,,,,,
16,,,,,,,,,,
17,,,,,,,,,9.0,166.88
18,,,,,,,,,50.0,115.94
19,,,,,,,,,7.0,106.69
20,,,,,,,,,10.0,102.78
21,,,,,,,,,15.0,208.54
22,,,,,,,,,12.0,109.93
23,,,,,,,,,,
24,,,,,,,,,6.0,124.3
25,,,,,,,,,6.0,135.01
26,,,,,,,5.0,7.43,48.0,130.28
27,,,,,,,,,9.0,95.47
28,,,,,,,,,16.0,150.58
29,,,,,,,,,,
30,,,,,,,,,13.0,155.63
31,,,,,,,,,8.0,124.7
32,,,,,,,6.0,7.93,63.0,153.08
33,,,,,,,,,,
34,,,,,,,,,11.0,104.33
35,,,,,,,,,8.0,199.12
36,,,,,,,,,14.0,174.67
37,,,,,,,,,,
38,,,,,,,,,,
39,,,,,,,,,6.0,98.26
40,,,,,,,,,,
41,,,,,,,,,13.0,214.19
42,,,,,,,,,,
43,,,,,,,,,45.0,180.62
44,,,,,,,,,13.0,201.37
45,,,,,,,,,,
46,,,,,,,,,7.0,261.5
47,,,,,,,,,9.0,142.31
48,,,,,,,,,14.0,197.62
49,,,,,,,,,50.0,164.11
50,,,,,,,9.0,10.89,68.0,149.97
51,,,,,,,,,52.0,119.75
52,,,,,,,,,50.0,114.4
53,,,,,,,7.0,9.29,65.0,149.23
54,,,,,,,,,7.0,83.52
55,,,,,,,,,26.0,199.54
56,,,,,,,,,,
57,,,,,,,,,,
58,,,,,,,,,8.0,120.23
59,,,,,,,,,7.0,132.44
60,,,,,,,,,8.0,83.57
61,,,,,,,,,,
62,,,,,,,,,9.0,211.14
63,,,,,,,,,,
64,,,,,,,,,7.0,259.82
65,,,,,,,,,18.0,156.91
66,,,,,,,,,5.0,138.24
67,,,,,,,5.0,2.91,104.0,123.85
68,,,,,,,,,14.0,247.05
69,,,,,,,,,,
70,,,,,,,,,,
71,,,,,,,,,6.0,111.61
72,,,,,,,5.0,9.0,56.0,159.55
73,,,,,,,26.0,6.56,315.0,165.74
74,,,,,,,,,31.0,132.82
75,,,,,,,,,12.0,128.63
76,,,,,,,,,8.0,114.9
77,,,,,,,,,15.0,190.95
78,,,,,,,,,67.0,216.51
79,,,,,,,,,,
80,,,,,,,,,17.0,202.54
81,,,,,,,,,,
82,,,,,,,,,18.0,196.51
83,,,,,,,,,6.0,413.3
84,,,,,,,,,,
85,,,,,,,,,,
86,,,,,,,,,6.0,166.08
87,,,,,,,,,,
88,,,,,,,,,,
89,,,,,,,,,8.0,227.74
90,,,,,,,,,16.0,298.34
91,,,,,,,,,56.0,148.45
92,,,,,,,,,8.0,156.93
93,,,,,,,,,15.0,167.22
94,,,,,,,,,6.0,95.67
95,,,,,,,,,19.0,198.92
96,,,,,,,,,,
97,,,,,,,,,,
98,,,,,,,,,7.0,179.45
99,,,,,,,,,61.0,180.49
100,,,,,,,,,16.0,187.0
101,,,,,,,,,20.0,195.15
102,,,,,,,,,,
103,,,,,,,,,11.0,144.63
104,,,,,,,,,13.0,229.55
105,,,,,,,10.0,12.96,59.0,151.1
106,,,,,,,,,,
107,,,,,,,6.0,27.48,16.0,162.79
108,,,,,,,,,7.0,178.81
109,,,,,,,,,6.0,88.78
110,,,,,,,,,,
111,,,,,,,,,,
112,,,,,,,,,8.0,121.23
113,,,,,,,,,,
114,,,,,,,,,8.0,154.98
115,,,,,,,,,5.0,256.13
116,,,,,,,,,41.0,162.64
117,,,,,,,,,8.0,124.22
118,,,,,,,,,,
119,,,,,,,,,7.0,223.91
120,,,,,,,,,6.0,91.68
121,,,,,,,,,13.0,202.88
122,,,,,,,5.0,7.17,46.0,149.79
123,,,,,,,6.0,7.02,84.0,194.6
124,,,,,,,8.0,9.1,54.0,140.03
125,,,,,,,5.0,6.16,58.0,157.63
126,,,,,,,,,72.0,179.11
127,,,,,,,,,14.0,183.38
128,,,,,,,,,19.0,148.87
129,,,,,,,,,,
130,,,,,,,,,,
131,,,,,,,,,14.0,214.71
132,,,,,,,,,6.0,140.94
133,,,,,,,5.0,28.33,14.0,164.72
134,,,,,,,,,,
135,,,,,,,,,,
136,,,,,,,,,,
137,,,,,,,,,7.0,228.21
138,,,,,,,,,21.0,192.59
139,,,,,,,,,6.0,161.68
140,,,,,,,10.0,6.02,103.0,137.5
141,,,,,,,,,8.0,146.48
142,,,,,,,,,8.0,229.36
143,,,,,,,,,,
144,,,,,,,,,11.0,222.66
145,,,,,,,6.0,9.73,69.0,204.29
146,,,,,,,27.0,6.87,289.0,158.56
147,,,,,,,,,39.0,174.68
148,,,,,,,,,12.0,136.91
149,,,,,,,,,7.0,109.7
150,,,,,,,,,20.0,268.5
151,,,,,,,8.0,12.84,50.0,169.38
152,,,,,,,,,,
153,,,,,,,,,8.0,106.93
154,,,,,,,,,,
155,,,,,,,,,9.0,104.1
156,,,,,,,,,7.0,497.32
157,,,,,,,,,10.0,276.03
158,,,,,,,,,,
159,,,,,,,,,8.0,230.2
160,,,,,,,,,,
161,,,,,,,,,,
162,,,,,,,,,7.0,217.45
163,,,,,,,,,6.0,110.75
164,,,,,,,,,58.0,160.25
165,,,,,,,,,10.0,187.58
166,,,,,,,,,11.0,129.22
167,,,,,,,,,10.0,152.58
168,,,,,,,,,19.0,198.43
169,,,,,,,,,,
170,,,,,,,,,5.0,133.44
171,,,,,,,,,,
172,,,,,,,8.0,12.3,50.0,153.97
173,,,,,,,,,10.0,120.43
174,,,,,,,,,15.0,149.52
175,,,,,,,,,,
176,,,,,,,,,15.0,202.96
177,,,,,,,,,7.0,131.89
178,,,,,,,,,52.0,138.3
179,,,,,,,,,,
180,,,,,,,,,12.0,125.98
181,,,,,,,,,6.0,159.42
182,,,,,,,,,10.0,142.81
183,,,,,,,,,,
184,,,,,,,,,,
185,,,,,,,,,13.0,228.42
186,,,,,,,,,,
187,,,,,,,,,6.0,120.11
188,,,,,,,,,,
189,,,,,,,,,40.0,165.59
190,,,,,,,,,10.0,151.76
191,,,,,,,,,,
192,,,,,,,,,8.0,270.56
193,,,,,,,,,11.0,172.65
194,,,,,,,,,9.0,138.1
195,,,,,,,,,46.0,157.74
196,,,,,,,9.0,11.06,67.0,161.92
197,,,,,,,,,55.0,148.82
198,,,,,,,5.0,6.67,67.0,188.16
199,,,,,,,8.0,10.48,54.0,137.7
200,,,,,,,,,9.0,124.68
201,,,,,,,,,17.0,144.19
202,,,,,,,,,,
203,,,,,,,,,,
204,,,,,,,,,7.0,116.63
205,,,,,,,,,9.0,212.12
206,,,,,,,,,9.0,110.47
207,,,,,,,,,,
208,,,,,,,,,10.0,284.08
209,,,,,,,,,,
210,,,,,,,,,8.0,268.65
211,,,,,,,5.0,24.04,16.0,151.29
212,,,,,,,,,8.0,232.02
213,,,,,,,7.0,4.31,121.0,167.78
214,,,,,,,,,8.0,154.38
215,,,,,,,,,7.0,214.24
216,,,,,,,,,,
217,,,,,,,,,5.0,105.62
218,,,,,,,7.0,11.66,45.0,138.45
219,,,,,,,30.0,7.7,260.0,148.88
220,,,,,,,,,25.0,117.44
221,,,,,,,,,8.0,97.33
222,,,,,,,,,10.0,148.54
223,,,,,,,,,9.0,123.55
224,,,,,,,7.0,11.21,41.0,145.56
225,,,,,,,,,,
226,,,,,,,,,15.0,203.76
227,,,,,,,,,,
228,,,,,,,,,16.0,188.71
229,,,,,,,,,,
230,,,,,,,,,8.0,218.41
231,,,,,,,,,,
232,,,,,,,,,,
233,,,,,,,,,,
234,,,,,,,,,,
235,,,,,,,,,,
236,,,,,,,,,7.0,142.93
237,,,,,,,,,64.0,184.68
238,,,,,,,,,6.0,115.0
239,,,,,,,,,7.0,88.03
240,,,,,,,,,9.0,141.17
241,,,,,,,,,29.0,324.44
242,,,,,,,,,,
243,,,,,,,,,6.0,151.04
244,,,,,,,,,6.0,173.29
245,,,,,,,,,39.0,125.27
246,,,,,,,,,10.0,131.87
247,,,,,,,,,9.0,92.84
248,,,,,,,,,,
249,,,,,,,,,10.0,142.45
250,,,,,,,,,8.0,147.72
251,,,,,,,8.0,10.46,60.0,166.2
252,,,,,,,,,,
253,,,,,,,,,10.0,110.04
254,,,,,,,,,5.0,115.36
255,,,,,,,,,15.0,224.27
256,,,,,,,,,,
257,,,,,,,,,,
258,,,,,,,,,14.0,254.43
259,,,,,,,,,,
260,,,,,,,5.0,42.68,12.0,241.49
261,,,,,,,,,,
262,,,,,,,5.0,8.93,31.0,133.07
263,,,,,,,,,8.0,120.5
264,,,,,,,,,5.0,310.17
265,,,,,,,,,,
266,,,,,,,,,8.0,130.92
267,,,,,,,,,7.0,110.3
268,,,,,,,7.0,9.51,36.0,126.72
269,,,,,,,8.0,9.39,62.0,156.65
270,,,,,,,,,49.0,137.45
271,,,,,,,,,60.0,176.13
272,,,,,,,8.0,10.99,54.0,143.33
273,,,,,,,,,9.0,127.63
274,,,,,,,,,13.0,108.62
275,,,,,,,,,5.0,310.17
276,,,,,,,,,,
277,,,,,,,,,14.0,231.06
278,,,,,,,,,6.0,138.4
279,,,,,,,,,8.0,105.47
280,,,,,,,,,,
281,,,,,,,,,8.0,216.8
282,,,,,,,,,,
283,,,,,,,,,,
284,,,,,,,,,10.0,97.74
285,,,,,,,,,9.0,279.33
286,,,,,,,7.0,4.37,111.0,161.22
287,,,,,,,5.0,46.25,12.0,258.75
288,,,,,,,,,,
289,,,,,,,,,,
290,,,,,,,,,7.0,140.73
291,,,,,,,5.0,8.69,41.0,134.48
292,,,,,,,28.0,7.25,278.0,165.77
293,,,,,,,6.0,10.75,27.0,132.79
294,,,,,,,,,13.0,154.99
295,,,,,,,,,7.0,122.04
296,,,,,,,,,9.0,125.26
297,,,,,,,5.0,8.02,41.0,152.26
298,,,,,,,,,,
299,,,,,,,,,7.0,95.85
300,,,,,,,,,,
301,,,,,,,,,7.0,91.94
302,,,,,,,,,,
303,,,,,,,,,11.0,308.09
304,,,,,,,,,,
305,,,,,,,,,,
306,,,,,,,,,,
307,,,,,,,,,,
308,,,,,,,,,5.0,170.97
309,,,,,,,,,7.0,163.05
310,,,,,,,,,60.0,180.1
311,,,,,,,,,7.0,132.22
312,,,,,,,,,12.0,166.81
313,,,,,,,,,13.0,209.87
314,,,,,,,,,13.0,154.65
315,,,,,,,,,,
316,,,,,,,,,11.0,309.23
317,,,,,,,,,6.0,183.9
318,,,,,,,,,55.0,183.83
319,,,,,,,,,8.0,112.3
320,,,,,,,,,19.0,211.83
321,,,,,,,,,,
322,,,,,,,,,13.0,189.0
323,,,,,,,,,10.0,196.11
324,,,,,,,8.0,10.51,52.0,149.83
325,,,,,,,,,,
326,,,,,,,,,15.0,164.28
327,,,,,,,,,6.0,142.33
328,,,,,,,,,10.0,154.91
329,,,,,,,,,,
330,,,,,,,,,,
331,,,,,,,,,8.0,159.6
332,,,,,,,,,,
333,,,,,,,,,8.0,156.14
334,,,,,,,,,,
335,,,,,,,,,43.0,191.11
336,,,,,,,,,17.0,283.76
337,,,,,,,,,,
338,,,,,,,,,5.0,181.67
339,,,,,,,,,7.0,119.79
340,,,,,,,,,12.0,209.38
341,,,,,,,6.0,8.7,50.0,183.27
342,,,,,,,8.0,9.73,60.0,159.51
343,,,,,,,,,56.0,166.63
344,,,,,,,,,52.0,158.44
345,,,,,,,6.0,7.67,60.0,165.05
346,,,,,,,,,6.0,90.87
347,,,,,,,,,28.0,245.45
348,,,,,,,,,,
349,,,,,,,,,,
350,,,,,,,,,6.0,103.18
351,,,,,,,,,9.0,215.0
352,,,,,,,,,12.0,154.09
353,,,,,,,,,,
354,,,,,,,,,11.0,310.0
355,,,,,,,,,,
356,,,,,,,,,5.0,182.4
357,,,,,,,,,22.0,222.08
358,,,,,,,,,,
359,,,,,,,10.0,6.64,105.0,159.05
360,,,,,,,,,8.0,181.77
361,,,,,,,,,5.0,172.68
362,,,,,,,,,,
363,,,,,,,,,8.0,179.42
364,,,,,,,6.0,10.28,40.0,135.67
365,,,,,,,27.0,7.06,240.0,150.74
366,,,,,,,6.0,10.93,22.0,113.9
367,,,,,,,,,5.0,65.48
368,,,,,,,,,9.0,147.72
369,,,,,,,,,9.0,141.49
370,,,,,,,,,40.0,157.69
371,,,,,,,,,,
372,,,,,,,,,10.0,143.16
373,,,,,,,,,,
374,,,,,,,,,11.0,143.93
375,,,,,,,,,,
376,,,,,,,,,5.0,144.63
377,,,,,,,,,,
378,,,,,,,,,8.0,267.05
379,,,,,,,,,,
380,,,,,,,,,,
381,,,,,,,,,5.0,193.39
382,,,,,,,,,8.0,189.55
383,,,,,,,,,51.0,160.22
384,,,,,,,,,7.0,137.02
385,,,,,,,,,6.0,85.91
386,,,,,,,,,5.0,86.12
387,,,,,,,,,13.0,161.63
388,,,,,,,,,,
389,,,,,,,,,11.0,308.54
390,,,,,,,,,9.0,277.8
391,,,,,,,5.0,7.78,41.0,143.84
392,,,,,,,,,10.0,133.36
393,,,,,,,,,17.0,192.05
394,,,,,,,,,,
395,,,,,,,,,7.0,105.48
396,,,,,,,,,7.0,144.74
397,,,,,,,,,56.0,171.04
398,,,,,,,,,,
399,,,,,,,,,15.0,173.17
400,,,,,,,,,,
401,,,,,,,,,10.0,165.58
402,,,,,,,,,,
403,,,,,,,,,,
404,,,,,,,,,6.0,120.05
405,,,,,,,,,,
406,,,,,,,,,12.0,267.91
407,,,,,,,,,,
408,,,,,,,,,30.0,139.81
409,,,,,,,,,8.0,133.9
410,,,,,,,,,,
411,,,,,,,,,5.0,192.41
412,,,,,,,,,12.0,215.26
413,,,,,,,,,5.0,89.29
414,,,,,,,5.0,7.42,37.0,143.1
415,,,,,,,,,54.0,151.36
416,,,,,,,6.0,7.46,42.0,131.8
417,,,,,,,7.0,9.32,46.0,146.37
418,,,,,,,5.0,6.71,61.0,177.25
419,,,,,,,,,8.0,124.98
420,,,,,,,,,12.0,113.7
421,,,,,,,,,,
422,,,,,,,,,,
423,,,,,,,,,8.0,149.96
424,,,,,,,,,,
425,,,,,,,,,12.0,159.05
426,,,,,,,,,,
427,,,,,,,,,5.0,139.36
428,,,,,,,,,,
429,,,,,,,,,5.0,190.61
430,,,,,,,,,18.0,190.56
431,,,,,,,,,,
432,,,,,,,11.0,7.05,92.0,146.68
433,,,,,,,,,13.0,297.62
434,,,,,,,,,5.0,188.41
435,,,,,,,,,,
436,,,,,,,,,6.0,131.07
437,,,,,,,,,47.0,168.38
438,,,,,,,37.0,9.8,250.0,161.73
439,,,,,,,,,31.0,166.23
440,,,,,,,,,9.0,116.99
441,,,,,,,,,8.0,138.12
442,,,,,,,,,15.0,238.98
443,,,,,,,6.0,9.65,37.0,151.23
444,,,,,,,,,,
445,,,,,,,,,7.0,103.37
446,,,,,,,,,,
447,,,,,,,,,8.0,106.3
448,,,,,,,,,,
449,,,,,,,,,9.0,275.14
450,,,,,,,,,,
451,,,,,,,,,5.0,165.09
452,,,,,,,,,,
453,,,,,,,,,,
454,,,,,,,,,,
455,,,,,,,,,5.0,114.3
456,,,,,,,7.0,9.96,56.0,180.65
457,,,,,,,,,13.0,255.78
458,,,,,,,,,7.0,112.09
459,,,,,,,,,10.0,175.82
460,,,,,,,,,11.0,136.94
461,,,,,,,,,,
462,,,,,,,,,10.0,288.69
463,,,,,,,,,7.0,224.6
464,,,,,,,8.0,12.54,43.0,155.53
465,,,,,,,,,13.0,185.71
466,,,,,,,,,12.0,141.94
467,,,,,,,,,,
468,,,,,,,,,14.0,220.78
469,,,,,,,,,,
470,,,,,,,11.0,14.74,51.0,160.21
471,,,,,,,,,,
472,,,,,,,,,10.0,117.7
473,,,,,,,,,7.0,194.21
474,,,,,,,,,9.0,161.43
475,,,,,,,,,,
476,,,,,,,,,,
477,,,,,,,,,6.0,129.08
478,,,,,,,,,5.0,265.14
479,,,,,,,,,9.0,208.48
480,,,,,,,,,,
481,,,,,,,,,32.0,152.5
482,,,,,,,,,12.0,210.43
483,,,,,,,,,,
484,,,,,,,,,,
485,,,,,,,,,5.0,91.87
486,,,,,,,,,7.0,143.23
487,,,,,,,,,41.0,161.83
488,,,,,,,8.0,9.65,57.0,164.88
489,,,,,,,13.0,16.0,45.0,147.68
490,,,,,,,7.0,9.54,56.0,181.48
491,,,,,,,7.0,9.57,52.0,153.21
492,,,,,,,,,12.0,193.92
493,,,,,,,,,18.0,176.84
494,,,,,,,,,,
495,,,,,,,,,,
496,,,,,,,,,5.0,101.45
497,,,,,,,,,8.0,214.82
498,,,,,,,,,7.0,99.37
499,,,,,,,,,,
500,,,,,,,,,9.0,276.91
501,,,,,,,,,,
502,,,,,,,,,,
503,,,,,,,,,13.0,141.04
504,,,,,,,,,,
505,,,,,,,14.0,8.84,100.0,164.13
506,,,,,,,,,10.0,239.04
507,,,,,,,,,,
508,,,,,,,,,,
509,,,,,,,,,,
510,,,,,,,6.0,10.36,41.0,152.74
511,,,,,,,8.0,1.99,24.0,11.67
512,,,,,,,,,5.0,18.56
513,,,,,,,,,,
514,,,,,,,,,,
515,,,,,,,,,,
516,,,,,,,,,,
517,,,,,,,,,,
518,,,,,,,,,,
519,,,,,,,,,,
520,,,,,,,,,,
521,,,,,,,,,,
522,,,,,,,,,,
523,,,,,,,,,,
524,,,,,,,,,,
525,,,,,,,,,,
526,,,,,,,,,,
527,,,,,,,,,,
528,,,,,,,,,,
529,,,,,,,,,5.0,11.59
530,,,,,,,,,,
531,,,,,,,,,,
532,,,,,,,,,,
533,,,,,,,,,,
534,,,,,,,,,,
535,,,,,,,,,,
536,,,,,,,,,,
537,,,,,,,,,,
538,,,,,,,,,,
539,,,,,,,,,,
540,,,,,,,,,,
541,,,,,,,,,,
542,,,,,,,,,,
543,,,,,,,,,,
544,,,,,,,,,,
545,,,,,,,,,,
546,,,,,,,,,,
547,,,,,,,,,,
548,,,,,,,,,,
549,,,,,,,,,,
550,,,,,,,,,,
551,,,,,,,,,,
552,,,,,,,,,,
553,,,,,,,,,,
554,,,,,,,,,5.0,20.07
555,,,,,,,,,,
556,,,,,,,,,,
557,,,,,,,,,,
558,,,,,,,,,,
559,,,,,,,,,,
560,,,,,,,,,5.0,16.79
561,,,,,,,5.0,6.05,8.0,18.35
562,,,,,,,,,,
563,,,,,,,,,8.0,17.32
564,,,,,,,,,,
565,,,,,,,,,,
566,,,,,,,,,,
567,,,,,,,,,,
568,,,,,,,,,,
569,,,,,,,,,,
570,,,,,,,,,,
571,,,,,,,,,,
572,,,,,,,,,,
573,,,,,,,,,,
574,,,,,,,,,,
575,,,,,,,,,,
576,,,,,,,,,,
577,,,,,,,,,,
578,,,,,,,,,13.0,15.13
579,,,,,,,,,,
580,,,,,,,,,,
581,,,,,,,,,,
582,,,,,,,,,,
583,,,,,,,,,5.0,14.34
584,,,,,,,6.0,1.51,26.0,13.68
585,,,,,,,,,,
586,,,,,,,,,,
587,,,,,,,,,,
588,,,,,,,,,,
589,,,,,,,,,,
590,,,,,,,,,,
591,,,,,,,,,,
592,,,,,,,,,,
593,,,,,,,,,,
594,,,,,,,,,,
595,,,,,,,,,,
596,,,,,,,,,,
597,,,,,,,,,,
598,,,,,,,,,,
599,,,,,,,,,,
600,,,,,,,,,,
601,,,,,,,,,,
602,,,,,,,,,,
603,,,,,,,,,,
604,,,,,,,,,,
605,,,,,,,,,,
606,,,,,,,,,,
607,,,,,,,,,,
608,,,,,,,,,,
609,,,,,,,,,,
610,,,,,,,,,7.0,20.71
611,,,,,,,,,,
612,,,,,,,,,,
613,,,,,,,,,,
614,,,,,,,,,,
615,,,,,,,,,,
616,,,,,,,,,,
617,,,,,,,,,,
618,,,,,,,,,,
619,,,,,,,,,,
620,,,,,,,,,,
621,,,,,,,,,,
622,,,,,,,,,,
623,,,,,,,,,,
624,,,,,,,,,,
625,,,,,,,,,,
626,,,,,,,,,,
627,,,,,,,,,6.0,23.8
628,,,,,,,,,,
629,,,,,,,,,,
630,,,,,,,,,,
631,,,,,,,,,,
632,,,,,,,,,,
633,,,,,,,,,7.0,21.48
634,,,,,,,,,,
635,,,,,,,,,,
636,,,,,,,,,5.0,14.64
637,,,,,,,,,9.0,22.31
638,,,,,,,,,,
639,,,,,,,,,,
640,,,,,,,,,,
641,,,,,,,,,,
642,,,,,,,,,,
643,,,,,,,,,,
644,,,,,,,,,,
645,,,,,,,,,,
646,,,,,,,,,,
647,,,,,,,,,,
648,,,,,,,,,,
649,,,,,,,,,,
650,,,,,,,,,,
651,,,,,,,,,8.0,10.69
652,,,,,,,,,,
653,,,,,,,,,,
654,,,,,,,,,,
655,,,,,,,,,,
656,,,,,,,,,,
657,,,,,,,,,19.0,10.42
658,,,,,,,,,,
659,,,,,,,,,,
660,,,,,,,,,,
661,,,,,,,,,,
662,,,,,,,,,,
663,,,,,,,,,,
664,,,,,,,,,,
665,,,,,,,,,,
666,,,,,,,,,,
667,,,,,,,,,,
668,,,,,,,,,,
669,,,,,,,,,,
670,,,,,,,,,,
671,,,,,,,,,,
672,,,,,,,,,,
673,,,,,,,,,,
674,,,,,,,,,,
675,,,,,,,,,,
676,,,,,,,,,,
677,,,,,,,,,,
678,,,,,,,,,,
679,,,,,,,,,,
680,,,,,,,,,,
681,,,,,,,,,,
682,,,,,,,,,,
683,,,,,,,,,,
684,,,,,,,,,,
685,,,,,,,,,,
686,,,,,,,,,,
687,,,,,,,,,,
688,,,,,,,,,,
689,,,,,,,,,5.0,13.3
690,,,,,,,,,,
691,,,,,,,,,,
692,,,,,,,,,,
693,,,,,,,,,,
694,,,,,,,,,,
695,,,,,,,,,,
696,,,,,,,,,,
697,,,,,,,,,,
698,,,,,,,,,,
699,,,,,,,,,,
700,,,,,,,,,,
701,,,,,,,,,,
702,,,,,,,,,,
703,,,,,,,,,,
704,,,,,,,,,,
705,,,,,,,,,,
706,,,,,,,,,,
707,,,,,,,,,,
708,,,,,,,,,,
709,,,,,,,,,,
710,,,,,,,,,6.0,16.11
711,,,,,,,,,,
712,,,,,,,,,,
713,,,,,,,,,,
714,,,,,,,,,,
715,,,,,,,,,,
716,,,,,,,,,,
717,,,,,,,,,,
718,,,,,,,,,,
719,,,,,,,,,,
720,,,,,,,,,,
721,,,,,,,,,,
722,,,,,,,,,,
723,,,,,,,,,,
724,,,,,,,,,6.0,8.35
725,,,,,,,,,,
726,,,,,,,,,,
727,,,,,,,,,,
728,,,,,,,,,,
729,,,,,,,,,,
730,,,,,,,,,15.0,8.59
731,,,,,,,,,,
732,,,,,,,,,,
733,,,,,,,,,,
734,,,,,,,,,,
735,,,,,,,,,,
736,,,,,,,,,,
737,,,,,,,,,,
738,,,,,,,,,,
739,,,,,,,,,,
740,,,,,,,,,,
741,,,,,,,,,,
742,,,,,,,,,,
743,,,,,,,,,,
744,,,,,,,,,,
745,,,,,,,,,,
746,,,,,,,,,,
747,,,,,,,,,,
748,,,,,,,,,,
749,,,,,,,,,,
750,,,,,,,,,,
751,,,,,,,,,,
752,,,,,,,,,,
753,,,,,,,,,,
754,,,,,,,,,,
755,,,,,,,,,,
756,,,,,,,,,,
757,,,,,,,,,,
758,,,,,,,,,,
759,,,,,,,,,,
760,,,,,,,,,,
761,,,,,,,,,,
762,,,,,,,,,,
763,,,,,,,,,,
764,,,,,,,,,,
765,,,,,,,,,,
766,,,,,,,,,,
767,,,,,,,,,,
768,,,,,,,,,,
769,,,,,,,,,,
770,,,,,,,,,,
771,,,,,,,,,,
772,,,,,,,,,,
773,,,,,,,,,,
774,,,,,,,,,,
775,,,,,,,,,,
776,,,,,,,,,,
777,,,,,,,,,,
778,,,,,,,,,,
779,,,,,,,,,,
780,,,,,,,,,,
781,,,,,,,,,,
782,,,,,,,,,5.0,14.34
783,,,,,,,,,,
784,,,,,,,,,,
785,,,,,,,,,,
786,,,,,,,,,,
787,,,,,,,,,,
788,,,,,,,,,,
789,,,,,,,,,,
790,,,,,,,,,,
791,,,,,,,,,,
792,,,,,,,,,,
793,,,,,,,,,,
794,,,,,,,,,,
795,,,,,,,,,,
796,,,,,,,,,,
797,,,,,,,,,6.0,8.73
798,,,,,,,,,,
799,,,,,,,,,,
800,,,,,,,,,,
801,,,,,,,,,,
802,,,,,,,,,,
803,,,,,,,6.0,1.55,21.0,12.52
804,,,,,,,,,,
805,,,,,,,,,,
806,,,,,,,,,,
807,,,,,,,,,,
808,,,,,,,,,,
809,,,,,,,,,,
810,,,,,,,,,,
811,,,,,,,,,,
812,,,,,,,,,,
813,,,,,,,,,,
814,,,,,,,,,,
815,,,,,,,,,,
816,,,,,,,,,,
817,,,,,,,,,,
818,,,,,,,,,,
819,,,,,,,,,,
820,,,,,,,,,,
821,,,,,,,,,7.0,21.01
822,,,,,,,,,,
823,,,,,,,,,,
824,,,,,,,,,,
825,,,,,,,,,,
826,,,,,,,,,,
827,,,,,,,,,,
828,,,,,,,,,,
829,,,,,,,,,,
830,,,,,,,,,,
831,,,,,,,,,,
832,,,,,,,,,,
833,,,,,,,,,,
834,,,,,,,,,,
835,,,,,,,,,,
836,,,,,,,,,,
837,,,,,,,,,,
838,,,,,,,,,,
839,,,,,,,,,,
840,,,,,,,,,,
841,,,,,,,,,,
842,,,,,,,,,,
843,,,,,,,,,,
844,,,,,,,,,,
845,,,,,,,,,,
846,,,,,,,,,,
847,,,,,,,,,,
848,,,,,,,,,,
849,,,,,,,,,,
850,,,,,,,,,,
851,,,,,,,,,,
852,,,,,,,,,,
853,,,,,,,,,7.0,19.39
854,,,,,,,,,,
855,,,,,,,,,6.0,16.76
856,,,,,,,,,,
857,,,,,,,,,,
858,,,,,,,,,,
859,,,,,,,,,,
860,,,,,,,,,,
861,,,,,,,,,,
862,,,,,,,,,,
863,,,,,,,,,,
864,,,,,,,,,,
865,,,,,,,,,,
866,,,,,,,,,,
867,,,,,,,,,,
868,,,,,,,,,,
869,,,,,,,,,,
870,,,,,,,,,10.0,15.14
871,,,,,,,,,,
872,,,,,,,,,,
873,,,,,,,,,,
874,,,,,,,,,,
875,,,,,,,,,,
876,,,,,,,5.0,1.31,21.0,13.19
877,,,,,,,,,,
878,,,,,,,,,,
879,,,,,,,,,,
880,,,,,,,,,,
881,,,,,,,,,,
882,,,,,,,,,,
883,,,,,,,,,,
884,,,,,,,,,,
885,,,,,,,,,,
886,,,,,,,,,,
887,,,,,,,,,,
888,,,,,,,,,,
889,,,,,,,,,,
890,,,,,,,,,,
891,,,,,,,,,,
892,,,,,,,,,,
893,,,,,,,,,,
894,,,,,,,,,7.0,21.99
895,,,,,,,,,,
896,,,,,,,,,,
897,,,,,,,,,,
898,,,,,,,,,,
899,,,,,,,,,,
900,,,,,,,,,,
901,,,,,,,,,,
902,,,,,,,,,5.0,17.54
903,,,,,,,,,,
904,,,,,,,,,,
905,,,,,,,,,,
906,,,,,,,,,,
907,,,,,,,,,,
908,,,,,,,,,,
909,,,,,,,,,,
910,,,,,,,,,,
911,,,,,,,,,,
912,,,,,,,,,,
913,,,,,,,,,,
914,,,,,,,,,,
915,,,,,,,,,,
916,,,,,,,,,,
917,,,,,,,,,,
918,,,,,,,,,,
919,,,,,,,,,,
920,,,,,,,,,,
921,,,,,,,,,,
922,,,,,,,,,,
923,,,,,,,,,,
924,,,,,,,,,,
925,,,,,,,,,,
926,,,,,,,,,5.0,14.97
927,,,,,,,,,,
928,,,,,,,,,8.0,24.31
929,,,,,,,,,5.0,14.5
930,,,,,,,,,,
931,,,,,,,,,,
932,,,,,,,,,,
933,,,,,,,,,,
934,,,,,,,,,,
935,,,,,,,,,,
936,,,,,,,,,,
937,,,,,,,,,,
938,,,,,,,,,,
939,,,,,,,,,,
940,,,,,,,,,,
941,,,,,,,,,,
942,,,,,,,,,,
943,,,,,,,,,11.0,17.51
944,,,,,,,,,,
945,,,,,,,,,,
946,,,,,,,,,,
947,,,,,,,,,,
948,,,,,,,,,,
949,,,,,,,,,21.0,13.59
950,,,,,,,,,,
951,,,,,,,,,,
952,,,,,,,,,,
953,,,,,,,,,,
954,,,,,,,,,,
955,,,,,,,,,,
956,,,,,,,,,,
957,,,,,,,,,,
958,,,,,,,,,,
959,,,,,,,,,,
960,,,,,,,,,,
961,,,,,,,,,,
962,,,,,,,,,,
963,,,,,,,,,,
964,,,,,,,,,,
965,,,,,,,,,,
966,,,,,,,,,,
967,,,,,,,,,5.0,16.13
968,,,,,,,,,,
969,,,,,,,,,,
970,,,,,,,,,,
971,,,,,,,,,,
972,,,,,,,,,,
973,,,,,,,,,,
974,,,,,,,,,,
975,,,,,,,,,11.0,39.79
976,,,,,,,,,,
977,,,,,,,,,,
978,,,,,,,,,,
979,,,,,,,,,8.0,129.38
980,,,,,,,,,,
981,,,,,,,,,,
982,,,,,,,,,,
983,,,,,,,,,,
984,,,,,,,,,,
985,,,,,,,,,,
986,,,,,,,,,,
987,,,,,,,,,,
988,,,,,,,,,,
989,,,,,,,,,,
990,,,,,,,,,,
991,,,,,,,,,,
992,,,,,,,,,,
993,,,,,,,,,,
994,,,,,,,,,,
995,,,,,,,,,,
996,,,,,,,,,,
997,,,,,,,,,,
998,,,,,,,,,,
999,,,,,,,,,,
1000,,,,,,,,,11.0,36.95
1001,,,,,,,,,,
1002,,,,,,,,,,
1003,,,,,,,,,,
1004,,,,,,,,,,
1005,,,,,,,,,,
1006,,,,,,,,,,
1007,,,,,,,,,,
1008,,,,,,,,,7.0,211.2
1009,,,,,,,,,,
1010,,,,,,,,,,
1011,,,,,,,,,,
1012,,,,,,,,,,
1013,,,,,,,,,,
1014,,,,,,,,,,
1015,,,,,,,,,,
1016,,,,,,,,,8.0,13.1
1017,,,,,,,,,,
1018,,,,,,,,,,
1019,,,,,,,,,,
1020,,,,,,,,,,
1021,,,,,,,,,,
1022,,,,,,,301.0,74.95,311.0,151.17
1023,,,,,,,47.0,77.18,36.0,133.66
1024,,,,,,,17.0,67.45,17.0,145.63
1025,,,,,,,17.0,87.92,12.0,137.93
1026,,,,,,,12.0,74.29,8.0,111.98
1027,,,,,,,40.0,65.77,45.0,137.41
1028,,,,,,,,,,
1029,,,,,,,7.0,41.5,15.0,172.71
1030,,,,,,,,,,
1031,,,,,,,8.0,41.78,16.0,169.0
1032,,,,,,,,,,
1033,,,,,,,6.0,79.55,,
1034,,,,,,,,,,
1035,,,,,,,,,7.0,171.57
1036,,,,,,,,,,
1037,,,,,,,,,,
1038,,,,,,,9.0,132.24,,
1039,,,,,,,6.0,57.79,6.0,121.77
1040,,,,,,,66.0,82.13,60.0,139.13
1041,,,,,,,11.0,111.98,10.0,151.65
1042,,,,,,,12.0,53.27,17.0,170.8
1043,,,,,,,7.0,55.87,9.0,132.58
1044,,,,,,,17.0,82.06,9.0,85.34
1045,,,,,,,,,,
1046,,,,,,,5.0,58.58,7.0,154.27
1047,,,,,,,8.0,114.89,7.0,157.83
1048,,,,,,,54.0,80.24,64.0,173.71
1049,,,,,,,11.0,65.71,15.0,163.23
1050,,,,,,,17.0,82.28,15.0,140.02
1051,,,,,,,,,,
1052,,,,,,,11.0,83.73,17.0,211.56
1053,,,,,,,13.0,106.52,12.0,197.16
1054,,,,,,,51.0,67.44,68.0,165.22
1055,,,,,,,,,,
1056,,,,,,,18.0,88.53,17.0,158.59
1057,,,,,,,,,7.0,177.88
1058,,,,,,,9.0,53.58,12.0,147.18
1059,,,,,,,,,,
1060,,,,,,,,,,
1061,,,,,,,14.0,108.84,16.0,259.53
1062,,,,,,,5.0,101.9,,
1063,,,,,,,8.0,73.18,10.0,161.65
1064,,,,,,,,,,
1065,,,,,,,43.0,75.95,38.0,152.52
1066,,,,,,,12.0,83.41,12.0,182.99
1067,,,,,,,,,,
1068,,,,,,,6.0,94.64,,
1069,,,,,,,13.0,83.02,11.0,175.17
1070,,,,,,,9.0,54.49,12.0,163.78
1071,,,,,,,54.0,76.57,44.0,145.14
1072,,,,,,,57.0,68.73,63.0,139.45
1073,,,,,,,63.0,74.17,76.0,176.9
1074,,,,,,,70.0,82.17,57.0,130.03
1075,,,,,,,58.0,73.05,71.0,163.23
1076,,,,,,,9.0,58.24,13.0,155.55
1077,,,,,,,21.0,68.18,23.0,172.02
1078,,,,,,,,,,
1079,,,,,,,,,,
1080,,,,,,,5.0,41.14,13.0,181.86
1081,,,,,,,8.0,97.6,12.0,243.42
1082,,,,,,,16.0,88.44,14.0,150.89
1083,,,,,,,,,,
1084,,,,,,,6.0,80.77,,
1085,,,,,,,,,,
1086,,,,,,,6.0,93.55,,
1087,,,,,,,18.0,84.96,17.0,148.11
1088,,,,,,,6.0,86.96,9.0,248.82
1089,,,,,,,130.0,75.65,121.0,143.37
1090,,,,,,,8.0,72.18,10.0,177.4
1091,,,,,,,10.0,136.38,,
1092,,,,,,,,,,
1093,,,,,,,13.0,108.68,10.0,181.4
1094,,,,,,,37.0,59.86,51.0,146.95
1095,,,,,,,297.0,74.89,313.0,164.68
1096,,,,,,,42.0,72.15,27.0,115.68
1097,,,,,,,21.0,89.1,12.0,131.5
1098,,,,,,,9.0,50.8,9.0,125.78
1099,,,,,,,15.0,84.45,7.0,90.67
1100,,,,,,,42.0,67.52,57.0,184.19
1101,,,,,,,,,,
1102,,,,,,,10.0,59.53,16.0,194.97
1103,,,,,,,,,,
1104,,,,,,,10.0,55.76,17.0,191.7
1105,,,,,,,,,5.0,362.99
1106,,,,,,,5.0,66.13,5.0,121.01
1107,,,,,,,,,,
1108,,,,,,,5.0,64.63,7.0,180.01
1109,,,,,,,,,,
1110,,,,,,,,,,
1111,,,,,,,,,,
1112,,,,,,,9.0,88.68,11.0,204.13
1113,,,,,,,52.0,68.8,66.0,174.96
1114,,,,,,,7.0,76.25,11.0,212.05
1115,,,,,,,11.0,46.4,18.0,195.75
1116,,,,,,,8.0,70.36,15.0,224.08
1117,,,,,,,13.0,69.59,7.0,73.13
1118,,,,,,,,,,
1119,,,,,,,10.0,129.05,8.0,199.41
1120,,,,,,,,,7.0,179.45
1121,,,,,,,64.0,97.49,56.0,165.7
1122,,,,,,,13.0,76.2,20.0,233.91
1123,,,,,,,23.0,116.32,8.0,79.75
1124,,,,,,,,,,
1125,,,,,,,13.0,96.14,13.0,163.66
1126,,,,,,,14.0,115.71,10.0,178.35
1127,,,,,,,51.0,66.11,71.0,181.84
1128,,,,,,,,,,
1129,,,,,,,13.0,66.0,17.0,169.48
1130,,,,,,,,,8.0,198.22
1131,,,,,,,11.0,66.21,12.0,172.99
1132,,,,,,,,,,
1133,,,,,,,,,,
1134,,,,,,,10.0,76.33,14.0,221.75
1135,,,,,,,5.0,93.54,6.0,231.65
1136,,,,,,,6.0,52.45,13.0,242.98
1137,,,,,,,,,,
1138,,,,,,,46.0,79.63,36.0,142.81
1139,,,,,,,12.0,84.25,11.0,163.74
1140,,,,,,,,,,
1141,,,,,,,7.0,109.08,,
1142,,,,,,,9.0,55.77,8.0,120.49
1143,,,,,,,14.0,80.34,12.0,175.43
1144,,,,,,,53.0,74.61,41.0,133.81
1145,,,,,,,61.0,71.96,82.0,190.56
1146,,,,,,,53.0,63.23,72.0,186.35
1147,,,,,,,65.0,81.96,49.0,132.56
1148,,,,,,,65.0,83.84,68.0,169.06
1149,,,,,,,11.0,70.22,19.0,247.47
1150,,,,,,,24.0,76.55,22.0,173.8
1151,,,,,,,,,,
1152,,,,,,,,,,
1153,,,,,,,9.0,67.24,13.0,198.14
1154,,,,,,,10.0,118.43,9.0,187.68
1155,,,,,,,12.0,68.77,16.0,179.31
1156,,,,,,,,,,
1157,,,,,,,5.0,66.07,,
1158,,,,,,,,,,
1159,,,,,,,7.0,111.58,,
1160,,,,,,,24.0,115.03,8.0,73.61
1161,,,,,,,7.0,93.61,6.0,161.68
1162,,,,,,,114.0,68.94,117.0,156.22
1163,,,,,,,5.0,47.37,12.0,226.58
1164,,,,,,,,,,
1165,,,,,,,,,,
1166,,,,,,,13.0,117.21,11.0,208.59
1167,,,,,,,47.0,75.18,62.0,185.08
1168,,,,,,,301.0,76.64,280.0,153.62
1169,,,,,,,42.0,73.31,32.0,143.33
1170,,,,,,,13.0,57.51,15.0,174.17
1171,,,,,,,13.0,71.74,5.0,77.14
1172,,,,,,,16.0,92.77,12.0,160.26
1173,,,,,,,56.0,89.89,40.0,135.51
1174,,,,,,,,,,
1175,,,,,,,22.0,133.39,11.0,134.37
1176,,,,,,,,,,
1177,,,,,,,23.0,128.08,12.0,132.19
1178,,,,,,,,,,
1179,,,,,,,,,5.0,125.03
1180,,,,,,,,,,
1181,,,,,,,,,,
1182,,,,,,,5.0,120.91,,
1183,,,,,,,,,,
1184,,,,,,,6.0,78.29,7.0,238.27
1185,,,,,,,9.0,83.91,7.0,139.81
1186,,,,,,,64.0,86.0,61.0,168.54
1187,,,,,,,8.0,90.61,12.0,220.35
1188,,,,,,,19.0,80.88,6.0,74.07
1189,,,,,,,16.0,145.7,17.0,268.36
1190,,,,,,,13.0,66.63,12.0,132.17
1191,,,,,,,,,,
1192,,,,,,,8.0,101.69,6.0,153.51
1193,,,,,,,,,7.0,206.71
1194,,,,,,,53.0,81.46,57.0,175.53
1195,,,,,,,12.0,68.85,15.0,188.82
1196,,,,,,,12.0,62.17,15.0,150.13
1197,,,,,,,,,,
1198,,,,,,,16.0,117.14,16.0,220.18
1199,,,,,,,9.0,75.82,9.0,160.53
1200,,,,,,,45.0,58.66,57.0,151.6
1201,,,,,,,,,,
1202,,,,,,,13.0,66.43,14.0,150.49
1203,,,,,,,,,,
1204,,,,,,,12.0,77.56,9.0,135.07
1205,,,,,,,,,,
1206,,,,,,,,,,
1207,,,,,,,9.0,65.13,14.0,232.88
1208,,,,,,,,,5.0,202.18
1209,,,,,,,5.0,43.22,11.0,206.08
1210,,,,,,,,,,
1211,,,,,,,41.0,71.98,33.0,136.61
1212,,,,,,,10.0,73.0,9.0,135.39
1213,,,,,,,,,,
1214,,,,,,,,,5.0,169.13
1215,,,,,,,13.0,80.61,9.0,141.09
1216,,,,,,,15.0,85.33,9.0,138.58
1217,,,,,,,49.0,70.31,41.0,139.21
1218,,,,,,,77.0,90.89,61.0,148.08
1219,,,,,,,69.0,82.75,62.0,166.33
1220,,,,,,,62.0,79.8,56.0,156.52
1221,,,,,,,43.0,56.75,60.0,155.58
1222,,,,,,,11.0,71.15,14.0,192.33
1223,,,,,,,25.0,81.21,17.0,141.46
1224,,,,,,,,,,
1225,,,,,,,,,,
1226,,,,,,,19.0,143.56,8.0,134.52
1227,,,,,,,9.0,108.17,9.0,212.12
1228,,,,,,,13.0,70.78,13.0,156.78
1229,,,,,,,,,,
1230,,,,,,,,,,
1231,,,,,,,,,,
1232,,,,,,,,,5.0,167.62
1233,,,,,,,12.0,57.74,16.0,151.2
1234,,,,,,,,,9.0,261.02
1235,,,,,,,132.0,81.33,114.0,158.73
1236,,,,,,,,,10.0,201.86
1237,,,,,,,6.0,79.51,8.0,245.0
1238,,,,,,,,,,
1239,,,,,,,10.0,84.94,9.0,177.43
1240,,,,,,,38.0,60.5,38.0,119.25
1241,,,,,,,249.0,63.92,235.0,134.56
1242,,,,,,,41.0,72.4,22.0,103.35
1243,,,,,,,17.0,75.94,12.0,141.21
1244,,,,,,,12.0,65.14,6.0,85.67
1245,,,,,,,13.0,74.74,5.0,72.34
1246,,,,,,,39.0,62.47,42.0,149.11
1247,,,,,,,,,,
1248,,,,,,,13.0,76.68,6.0,81.44
1249,,,,,,,,,,
1250,,,,,,,14.0,76.13,7.0,80.86
1251,,,,,,,,,,
1252,,,,,,,,,11.0,290.56
1253,,,,,,,,,,
1254,,,,,,,6.0,77.45,5.0,132.58
1255,,,,,,,,,,
1256,,,,,,,,,,
1257,,,,,,,,,5.0,161.19
1258,,,,,,,6.0,55.55,6.0,118.13
1259,,,,,,,40.0,54.65,58.0,167.36
1260,,,,,,,7.0,83.49,6.0,115.0
1261,,,,,,,13.0,55.63,11.0,141.83
1262,,,,,,,7.0,65.74,9.0,150.31
1263,,,,,,,6.0,29.91,15.0,172.76
1264,,,,,,,,,,
1265,,,,,,,5.0,70.45,10.0,279.81
1266,,,,,,,,,,
1267,,,,,,,45.0,69.39,38.0,122.06
1268,,,,,,,14.0,86.21,14.0,181.73
1269,,,,,,,10.0,50.8,7.0,75.38
1270,,,,,,,,,,
1271,,,,,,,12.0,89.84,9.0,122.81
1272,,,,,,,5.0,43.57,,
1273,,,,,,,57.0,74.56,43.0,119.11
1274,,,,,,,,,,
1275,,,,,,,17.0,83.98,15.0,164.73
1276,,,,,,,5.0,90.13,,
1277,,,,,,,10.0,65.7,9.0,132.63
1278,,,,,,,,,,
1279,,,,,,,,,,
1280,,,,,,,14.0,106.6,12.0,225.86
1281,,,,,,,,,,
1282,,,,,,,6.0,58.99,,
1283,,,,,,,,,,
1284,,,,,,,27.0,48.23,32.0,137.36
1285,,,,,,,9.0,63.14,7.0,109.93
1286,,,,,,,,,,
1287,,,,,,,,,,
1288,,,,,,,6.0,38.09,11.0,180.47
1289,,,,,,,9.0,55.69,8.0,128.95
1290,,,,,,,38.0,54.98,37.0,129.54
1291,,,,,,,56.0,65.54,59.0,150.27
1292,,,,,,,60.0,73.11,52.0,146.16
1293,,,,,,,48.0,62.04,50.0,145.59
1294,,,,,,,47.0,62.22,38.0,100.88
1295,,,,,,,14.0,90.97,14.0,197.61
1296,,,,,,,17.0,58.39,14.0,120.95
1297,,,,,,,,,,
1298,,,,,,,,,,
1299,,,,,,,10.0,79.51,5.0,81.28
1300,,,,,,,9.0,107.26,,
1301,,,,,,,15.0,83.43,13.0,165.23
1302,,,,,,,,,,
1303,,,,,,,,,10.0,295.55
1304,,,,,,,,,,
1305,,,,,,,,,,
1306,,,,,,,10.0,48.48,8.0,78.08
1307,,,,,,,7.0,91.79,6.0,186.22
1308,,,,,,,101.0,63.36,99.0,143.88
1309,,,,,,,6.0,60.41,,
1310,,,,,,,,,5.0,162.09
1311,,,,,,,,,,
1312,,,,,,,5.0,45.62,,
1313,,,,,,,40.0,64.44,35.0,113.48
1314,,,,,5.0,1.05,270.0,69.95,281.0,167.56
1315,,,,,,,29.0,51.94,24.0,118.03
1316,,,,,,,10.0,45.97,16.0,193.33
1317,,,,,,,6.0,35.34,,
1318,,,,,,,14.0,79.21,5.0,76.94
1319,,,,,,,46.0,73.75,46.0,170.83
1320,,,,,,,,,,
1321,,,,,,,8.0,48.22,13.0,184.96
1322,,,,,,,,,,
1323,,,,,,,9.0,51.01,15.0,187.94
1324,,,,,,,,,,
1325,,,,,,,6.0,75.78,8.0,223.8
1326,,,,,,,,,,
1327,,,,,,,8.0,96.46,7.0,209.98
1328,,,,,,,,,,
1329,,,,,,,,,,
1330,,,,,,,9.0,131.03,5.0,174.52
1331,,,,,,,9.0,83.45,6.0,127.16
1332,,,,,,,48.0,66.47,59.0,177.1
1333,,,,,,,,,10.0,192.22
1334,,,,,,,13.0,60.2,11.0,149.83
1335,,,,,,,15.0,140.99,13.0,208.27
1336,,,,,,,13.0,71.42,12.0,141.38
1337,,,,,,,,,,
1338,,,,,,,,,,
1339,,,,,,,,,11.0,330.27
1340,,,,,,,59.0,91.37,50.0,167.12
1341,,,,,,,18.0,106.05,12.0,163.89
1342,,,,,,,15.0,79.34,14.0,148.94
1343,,,,,,,,,,
1344,,,,,,,13.0,90.86,14.0,199.21
1345,,,,,,,11.0,88.93,9.0,174.19
1346,,,,,,,56.0,73.57,61.0,175.77
1347,,,,,,,,,,
1348,,,,,,,17.0,85.58,16.0,176.14
1349,,,,,,,6.0,104.24,,
1350,,,,,,,9.0,57.8,6.0,88.24
1351,,,,,,,,,,
1352,,,,,,,,,,
1353,,,,,,,6.0,45.77,12.0,221.91
1354,,,,,,,6.0,107.55,,
1355,,,,,,,8.0,73.43,13.0,273.41
1356,,,,,,,,,,
1357,,,,,,,32.0,58.3,41.0,182.22
1358,,,,,,,8.0,61.89,10.0,171.23
1359,,,,,,,,,,
1360,,,,,,,,,,
1361,,,,,,,8.0,51.32,14.0,236.74
1362,,,,,,,11.0,67.91,11.0,185.82
1363,,,,,,,40.0,59.11,46.0,168.88
1364,,,,,,,66.0,77.27,68.0,179.88
1365,,,,,,,54.0,66.14,56.0,165.69
1366,,,,,,,38.0,49.41,48.0,146.26
1367,,,,,,,73.0,96.28,63.0,174.84
1368,,,,,,,17.0,109.87,12.0,179.66
1369,,,,,,,18.0,63.16,20.0,175.76
1370,,,,,,,,,,
1371,,,,,,,,,,
1372,,,,,,,5.0,42.41,11.0,184.83
1373,,,,,,,,,9.0,215.0
1374,,,,,,,15.0,85.84,13.0,166.89
1375,,,,,,,,,,
1376,,,,,,,5.0,75.2,8.0,227.7
1377,,,,,,,,,,
1378,,,,,,,,,,
1379,,,,,,,17.0,83.09,14.0,141.29
1380,,,,,,,,,10.0,328.84
1381,,,,,,,89.0,56.61,103.0,156.36
1382,,,,,,,7.0,66.83,13.0,291.37
1383,,,,,,,10.0,133.36,5.0,173.24
1384,,,,,,,,,,
1385,,,,,,,10.0,89.93,7.0,161.48
1386,,,,,,,57.0,90.9,49.0,164.61
1387,,,,,5.0,1.07,300.0,78.4,293.0,184.03
1388,,,,,,,42.0,76.48,31.0,160.5
1389,,,,,,,18.0,84.91,13.0,164.16
1390,,,,,,,10.0,59.74,9.0,154.33
1391,,,,,,,15.0,85.98,11.0,169.43
1392,,,,,,,48.0,76.8,55.0,216.83
1393,,,,,,,,,,
1394,,,,,,,12.0,71.83,14.0,198.2
1395,,,,,,,,,,
1396,,,,,,,13.0,71.37,15.0,202.8
1397,,,,,,,,,,
1398,,,,,,,5.0,62.4,7.0,211.96
1399,,,,,,,,,,
1400,,,,,,,5.0,65.76,8.0,283.06
1401,,,,,,,,,,
1402,,,,,,,,,,
1403,,,,,,,6.0,79.55,,
1404,,,,,,,9.0,86.63,9.0,203.63
1405,,,,,,,54.0,75.57,55.0,172.79
1406,,,,,,,7.0,81.13,15.0,304.72
1407,,,,,,,14.0,63.25,6.0,92.19
1408,,,,,,,10.0,90.41,10.0,172.95
1409,,,,,,,14.0,75.71,10.0,123.07
1410,,,,,,,,,,
1411,,,,,,,8.0,100.57,10.0,275.59
1412,,,,,,,5.0,98.85,8.0,238.52
1413,,,,,,,62.0,96.42,59.0,206.99
1414,,,,,,,17.0,106.39,16.0,222.91
1415,,,,,,,16.0,82.15,13.0,152.47
1416,,,,,,,,,,
1417,,,,,,,14.0,99.42,19.0,288.18
1418,,,,,,,12.0,97.35,5.0,100.65
1419,,,,,,,58.0,76.82,51.0,155.77
1420,,,,,,,,,,
1421,,,,,,,16.0,79.66,16.0,188.95
1422,,,,,,,5.0,73.94,,
1423,,,,,,,10.0,71.46,11.0,185.11
1424,,,,,,,,,,
1425,,,,,,,,,,
1426,,,,,,,5.0,40.27,7.0,155.97
1427,,,,,,,,,,
1428,,,,,,,10.0,97.11,6.0,132.54
1429,,,,,,,5.0,159.48,,
1430,,,,,,,36.0,66.71,42.0,195.73
1431,,,,,,,7.0,56.26,12.0,207.54
1432,,,,,,,,,,
1433,,,,,,,,,6.0,230.83
1434,,,,,,,15.0,97.03,10.0,178.3
1435,,,,,,,7.0,42.31,11.0,197.17
1436,,,,,,,44.0,66.27,50.0,193.48
1437,,,,,,,65.0,76.04,73.0,205.49
1438,,,,,,,57.0,70.57,50.0,158.49
1439,,,,,,,60.0,79.92,59.0,187.96
1440,,,,,,,74.0,98.83,60.0,174.67
1441,,,,,,,16.0,105.24,15.0,233.84
1442,,,,,,,13.0,45.38,22.0,202.63
1443,,,,,,,,,,
1444,,,,,,,,,,
1445,,,,,,,9.0,71.04,11.0,195.72
1446,,,,,,,10.0,106.1,6.0,153.67
1447,,,,,,,14.0,76.43,14.0,188.68
1448,,,,,,,5.0,167.9,,
1449,,,,,,,,,7.0,205.73
1450,,,,,,,,,,
1451,,,,,,,,,6.0,230.93
1452,,,,,,,17.0,83.52,15.0,158.77
1453,,,,,,,,,6.0,217.94
1454,,,,,,,118.0,75.82,105.0,167.59
1455,,,,,,,9.0,99.59,6.0,128.75
1456,,,,,,,6.0,80.09,,
1457,,,,,,,,,5.0,466.38
1458,,,,,,,11.0,98.11,,
1459,,,,,,,55.0,87.26,61.0,217.51
1460,,,,,8.0,1.74,372.0,98.58,339.0,219.31
1461,,,,,,,46.0,85.32,39.0,209.13
1462,,,,,,,22.0,103.97,18.0,240.56
1463,,,,,,,10.0,58.34,13.0,234.57
1464,,,,,,,17.0,96.51,9.0,141.82
1465,,,,,,,83.0,133.51,55.0,224.8
1466,,,,,,,,,,
1467,,,,,,,23.0,140.31,13.0,201.95
1468,,,,,,,,,,
1469,,,,,,,26.0,144.38,15.0,209.51
1470,,,,,,,,,,
1471,,,,,,,10.0,134.07,7.0,196.65
1472,,,,,,,,,,
1473,,,,,,,14.0,171.25,9.0,330.12
1474,,,,,,,,,,
1475,,,,,,,,,,
1476,,,,,,,,,,
1477,,,,,,,14.0,135.99,8.0,182.65
1478,,,,,,,78.0,110.96,80.0,258.06
1479,,,,,,,9.0,105.32,12.0,251.06
1480,,,,,,,23.0,107.17,19.0,291.38
1481,,,,,,,14.0,134.41,13.0,224.24
1482,,,,,,,21.0,119.98,17.0,207.9
1483,,,,,,,,,,
1484,,,,,,,10.0,129.81,10.0,306.21
1485,,,,,,,,,8.0,231.86
1486,,,,,,,52.0,81.53,53.0,191.7
1487,,,,,,,12.0,72.41,17.0,244.6
1488,,,,,,,18.0,93.43,11.0,125.76
1489,,,,,,,,,,
1490,,,,,,,12.0,82.88,16.0,252.81
1491,,,,,,,8.0,70.22,6.0,120.39
1492,,,,,,,66.0,88.42,65.0,204.18
1493,,,,,,,,,,
1494,,,,,,,9.0,43.71,15.0,185.76
1495,,,,,,,,,7.0,195.92
1496,,,,,,,15.0,107.11,9.0,157.93
1497,,,,,,,,,,
1498,,,,,,,,,,
1499,,,,,,,13.0,96.57,14.0,294.44
1500,,,,,,,9.0,157.81,7.0,372.51
1501,,,,,,,9.0,88.43,8.0,172.97
1502,,,,,,,,,5.0,294.77
1503,,,,,,,47.0,89.39,47.0,223.99
1504,,,,,,,11.0,82.37,13.0,219.78
1505,,,,,,,5.0,211.24,7.0,448.14
1506,,,,,,,,,,
1507,,,,,,,13.0,85.28,10.0,183.03
1508,,,,,,,16.0,105.88,16.0,307.1
1509,,,,,,,56.0,85.77,55.0,216.68
1510,,,,,,,113.0,132.69,84.0,242.6
1511,,,,,,,69.0,86.72,69.0,226.9
1512,,,,,,,77.0,104.37,69.0,224.22
1513,,,,,,,57.0,77.66,63.0,186.17
1514,,,,,,,11.0,73.54,17.0,274.57
1515,,,,,,,25.0,92.97,28.0,271.12
1516,,,,,,,5.0,211.24,7.0,448.14
1517,,,,,,,,,,
1518,,,,,,,17.0,130.99,10.0,190.27
1519,,,,,,,8.0,93.89,7.0,211.2
1520,,,,,,,8.0,45.53,13.0,189.81
1521,,,,,,,6.0,203.87,,
1522,,,,,,,10.0,131.42,6.0,197.09
1523,,,,,,,,,,
1524,,,,,,,,,,
1525,,,,,,,19.0,94.54,11.0,119.45
1526,,,,,,,7.0,91.72,7.0,267.89
1527,,,,,,,153.0,99.93,138.0,225.2
1528,,,,,,,8.0,86.92,8.0,178.52
1529,,,,,,,,,,
1530,,,,,,,,,,
1531,,,,,,,7.0,68.56,5.0,118.07
1532,,,,,,,80.0,126.84,66.0,242.45
1533,,,,,,,,,,
1534,,,,,,,,,,
1535,,,,,,,,,,
1536,,,,,,,,,,
1537,,,,,,,,,,
1538,,,,,,,,,,
1539,,,,,,,,,,
1540,,,,,,,,,,
1541,,,,,,,,,,
1542,,,,,,,,,,
1543,,,,,,,,,,
1544,,,,,,,,,,
1545,,,,,,,,,,
1546,,,,,,,,,,
1547,,,,,,,,,,
1548,,,,,,,,,,
1549,,,,,,,,,,
1550,,,,,,,,,,
1551,,,,,,,,,,
1552,,,,,,,,,,
1553,,,,,,,,,,
1554,,,,,,,,,,
1555,,,,,,,,,,
1556,,,,,,,,,,
1557,,,,,,,,,,
1558,,,,,,,,,,
1559,,,,,,,,,,
1560,,,,,,,,,,
1561,,,,,,,,,,
1562,,,,,,,,,,
1563,,,,,,,,,,
1564,,,,,,,,,,
1565,,,,,,,,,,
1566,,,,,,,,,,
1567,,,,,,,,,,
1568,,,,,,,,,,
1569,,,,,,,,,,
1570,,,,,,,,,,
1571,,,,,,,,,,
1572,,,,,,,,,,
1573,,,,,,,,,,
1574,,,,,,,,,,
1575,,,,,,,,,,
1576,,,,,,,,,,
1577,,,,,,,,,,
1578,,,,,,,,,,
1579,,,,,,,,,,
1580,,,,,,,,,,
1581,,,,,,,,,,
1582,,,,,,,,,,
1583,,,,,,,,,,
1584,,,,,,,,,,
1585,,,,,,,,,,
1586,,,,,,,,,,
1587,,,,,,,,,,
1588,,,,,,,,,,
1589,,,,,,,,,,
1590,,,,,,,,,,
1591,,,,,,,,,,
1592,,,,,,,,,,
1593,,,,,,,,,,
1594,,,,,,,,,,
1595,,,,,,,,,,
1596,,,,,,,,,,
1597,,,,,,,,,,
1598,,,,,,,,,,
1599,,,,,,,,,,
1600,,,,,,,,,,
1601,,,,,,,,,,
1602,,,,,,,,,,
1603,,,,,,,,,,
1604,,,,,,,,,,
1605,,,,,,,,,,
1606,,,,,,,,,,
1607,,,,,,,,,,
1608,,,,,,,,,,
1609,,,,,,,,,,
1610,,,,,,,,,,
1611,,,,,,,,,,
1612,,,,,,,,,,
1613,,,,,,,,,,
1614,,,,,,,,,,
1615,,,,,,,,,,
1616,,,,,,,,,,
1617,,,,,,,,,,
1618,,,,,,,,,,
1619,,,,,,,,,,
1620,,,,,,,,,,
1621,,,,,,,,,,
1622,,,,,,,,,,
1623,,,,,,,,,,
1624,,,,,,,,,,
1625,,,,,,,,,,
1626,,,,,,,,,,
1627,,,,,,,,,,
1628,,,,,,,,,,
1629,,,,,,,,,,
1630,,,,,,,,,,
1631,,,,,,,,,,
1632,,,,,,,,,,
1633,,,,,,,,,,
1634,,,,,,,,,,
1635,,,,,,,,,,
1636,,,,,,,,,,
1637,,,,,,,,,,
1638,,,,,,,,,,
1639,,,,,,,,,,
1640,,,,,,,,,,
1641,,,,,,,,,,
1642,,,,,,,,,,
1643,,,,,,,,,,
1644,,,,,,,,,,
1645,,,,,,,,,,
1646,,,,,,,,,,
1647,,,,,,,,,,
1648,,,,,,,,,,
1649,,,,,,,,,,
1650,,,,,,,,,,
1651,,,,,,,,,,
1652,,,,,,,,,,
1653,,,,,,,,,,
1654,,,,,,,,,,
1655,,,,,,,,,,
1656,,,,,,,,,,
1657,,,,,,,,,,
1658,,,,,,,,,,
1659,,,,,,,,,,
1660,,,,,,,,,,
1661,,,,,,,,,,
1662,,,,,,,,,,
1663,,,,,,,,,,
1664,,,,,,,,,,
1665,,,,,,,,,,
1666,,,,,,,,,,
1667,,,,,,,,,,
1668,,,,,,,,,,
1669,,,,,,,,,,
1670,,,,,,,,,,
1671,,,,,,,,,,
1672,,,,,,,,,,
1673,,,,,,,,,,
1674,,,,,,,,,,
1675,,,,,,,,,,
1676,,,,,,,,,,
1677,,,,,,,,,,
1678,,,,,,,,,,
1679,,,,,,,,,,
1680,,,,,,,,,,
1681,,,,,,,,,,
1682,,,,,,,,,,
1683,,,,,,,,,,
1684,,,,,,,,,,
1685,,,,,,,,,,
1686,,,,,,,,,,
1687,,,,,,,,,,
1688,,,,,,,,,,
1689,,,,,,,,,,
1690,,,,,,,,,,
1691,,,,,,,,,,
1692,,,,,,,,,,
1693,,,,,,,,,,
1694,,,,,,,,,,
1695,,,,,,,,,,
1696,,,,,,,,,,
1697,,,,,,,,,,
1698,,,,,,,,,,
1699,,,,,,,,,,
1700,,,,,,,,,,
1701,,,,,,,,,,
1702,,,,,,,,,,
1703,,,,,,,,,,
1704,,,,,,,,,,
1705,,,,,,,,,,
1706,,,,,,,,,,
1707,,,,,,,,,,
1708,,,,,,,,,,
1709,,,,,,,,,,
1710,,,,,,,,,,
1711,,,,,,,,,,
1712,,,,,,,,,,
1713,,,,,,,,,,
1714,,,,,,,,,,
1715,,,,,,,,,,
1716,,,,,,,,,,
1717,,,,,,,,,,
1718,,,,,,,,,,
1719,,,,,,,,,,
1720,,,,,,,,,,
1721,,,,,,,,,,
1722,,,,,,,,,,
1723,,,,,,,,,,
1724,,,,,,,,,,
1725,,,,,,,,,,
1726,,,,,,,,,,
1727,,,,,,,,,,
1728,,,,,,,,,,
1729,,,,,,,,,,
1730,,,,,,,,,,
1731,,,,,,,,,,
1732,,,,,,,,,,
1733,,,,,,,,,,
1734,,,,,,,,,,
1735,,,,,,,,,,
1736,,,,,,,,,,
1737,,,,,,,,,,
1738,,,,,,,,,,
1739,,,,,,,,,,
1740,,,,,,,,,,
1741,,,,,,,,,,
1742,,,,,,,,,,
1743,,,,,,,,,,
1744,,,,,,,,,,
1745,,,,,,,,,,
1746,,,,,,,,,,
1747,,,,,,,,,,
1748,,,,,,,,,,
1749,,,,,,,,,,
1750,,,,,,,,,,
1751,,,,,,,,,,
1752,,,,,,,,,,
1753,,,,,,,,,,
1754,,,,,,,,,,
1755,,,,,,,,,,
1756,,,,,,,,,,
1757,,,,,,,,,,
1758,,,,,,,,,,
1759,,,,,,,,,,
1760,,,,,,,,,,
1761,,,,,,,,,,
1762,,,,,,,,,,
1763,,,,,,,,,,
1764,,,,,,,,,,
1765,,,,,,,,,,
1766,,,,,,,,,,
1767,,,,,,,,,,
1768,,,,,,,,,,
1769,,,,,,,,,,
1770,,,,,,,,,,
1771,,,,,,,,,,
1772,,,,,,,,,,
1773,,,,,,,,,,
1774,,,,,,,,,,
1775,,,,,,,,,,
1776,,,,,,,,,,
1777,,,,,,,,,,
1778,,,,,,,,,,
1779,,,,,,,,,,
1780,,,,,,,,,,
1781,,,,,,,,,,
1782,,,,,,,,,,
1783,,,,,,,,,,
1784,,,,,,,,,,
1785,,,,,,,,,,
1786,,,,,,,,,,
1787,,,,,,,,,,
1788,,,,,,,,,,
1789,,,,,,,,,,
1790,,,,,,,,,,
1791,,,,,,,,,,
1792,,,,,,,,,,
1793,,,,,,,,,,
1794,,,,,,,,,,
1795,,,,,,,,,,
1796,,,,,,,,,,
1797,,,,,,,,,,
1798,,,,,,,,,,
1799,,,,,,,,,,
1800,,,,,,,,,,
1801,,,,,,,,,,
1802,,,,,,,,,,
1803,,,,,,,,,,
1804,,,,,,,,,,
1805,,,,,,,,,,
1806,,,,,,,,,,
1807,,,,,,,,,,
1808,,,,,,,,,,
1809,,,,,,,,,,
1810,,,,,,,,,,
1811,,,,,,,,,,
1812,,,,,,,,,,
1813,,,,,,,,,,
1814,,,,,,,,,,
1815,,,,,,,,,,
1816,,,,,,,,,,
1817,,,,,,,,,,
1818,,,,,,,,,,
1819,,,,,,,,,,
1820,,,,,,,,,,
1821,,,,,,,,,,
1822,,,,,,,,,,
1823,,,,,,,,,,
1824,,,,,,,,,,
1825,,,,,,,,,,
1826,,,,,,,,,,
1827,,,,,,,,,,
1828,,,,,,,,,,
1829,,,,,,,,,,
1830,,,,,,,,,,
1831,,,,,,,,,,
1832,,,,,,,,,,
1833,,,,,,,,,,
1834,,,,,,,,,,
1835,,,,,,,,,,
1836,,,,,,,,,,
1837,,,,,,,,,,
1838,,,,,,,,,,
1839,,,,,,,,,,
1840,,,,,,,,,,
1841,,,,,,,,,,
1842,,,,,,,,,,
1843,,,,,,,,,,
1844,,,,,,,,,,
1845,,,,,,,,,,
1846,,,,,,,,,,
1847,,,,,,,,,,
1848,,,,,,,,,,
1849,,,,,,,,,,
1850,,,,,,,,,,
1851,,,,,,,,,,
1852,,,,,,,,,,
1853,,,,,,,,,,
1854,,,,,,,,,,
1855,,,,,,,,,,
1856,,,,,,,,,,
1857,,,,,,,,,,
1858,,,,,,,,,,
1859,,,,,,,,,,
1860,,,,,,,,,,
1861,,,,,,,,,,
1862,,,,,,,,,,
1863,,,,,,,,,,
1864,,,,,,,,,,
1865,,,,,,,,,,
1866,,,,,,,,,,
1867,,,,,,,,,,
1868,,,,,,,,,,
1869,,,,,,,,,,
1870,,,,,,,,,,
1871,,,,,,,,,,
1872,,,,,,,,,,
1873,,,,,,,,,,
1874,,,,,,,,,,
1875,,,,,,,,,,
1876,,,,,,,,,,
1877,,,,,,,,,,
1878,,,,,,,,,,
1879,,,,,,,,,,
1880,,,,,,,,,,
1881,,,,,,,,,,
1882,,,,,,,,,,
1883,,,,,,,,,,
1884,,,,,,,,,,
1885,,,,,,,,,,
1886,,,,,,,,,,
1887,,,,,,,,,,
1888,,,,,,,,,,
1889,,,,,,,,,,
1890,,,,,,,,,,
1891,,,,,,,,,,
1892,,,,,,,,,,
1893,,,,,,,,,,
1894,,,,,,,,,,
1895,,,,,,,,,,
1896,,,,,,,,,,
1897,,,,,,,,,,
1898,,,,,,,,,,
1899,,,,,,,,,,
1900,,,,,,,,,,
1901,,,,,,,,,,
1902,,,,,,,,,,
1903,,,,,,,,,,
1904,,,,,,,,,,
1905,,,,,,,,,,
1906,,,,,,,,,,
1907,,,,,,,,,,
1908,,,,,,,,,,
1909,,,,,,,,,,
1910,,,,,,,,,,
1911,,,,,,,,,,
1912,,,,,,,,,,
1913,,,,,,,,,,
1914,,,,,,,,,,
1915,,,,,,,,,,
1916,,,,,,,,,,
1917,,,,,,,,,,
1918,,,,,,,,,,
1919,,,,,,,,,,
1920,,,,,,,,,,
1921,,,,,,,,,,
1922,,,,,,,,,,
1923,,,,,,,,,,
1924,,,,,,,,,,
1925,,,,,,,,,,
1926,,,,,,,,,,
1927,,,,,,,,,,
1928,,,,,,,,,,
1929,,,,,,,,,,
1930,,,,,,,,,,
1931,,,,,,,,,,
1932,,,,,,,,,,
1933,,,,,,,,,,
1934,,,,,,,,,,
1935,,,,,,,,,,
1936,,,,,,,,,,
1937,,,,,,,,,,
1938,,,,,,,,,,
1939,,,,,,,,,,
1940,,,,,,,,,,
1941,,,,,,,,,,
1942,,,,,,,,,,
1943,,,,,,,,,,
1944,,,,,,,,,,
1945,,,,,,,,,,
1946,,,,,,,,,,
1947,,,,,,,,,,
1948,,,,,,,,,,
1949,,,,,,,,,,
1950,,,,,,,,,,
1951,,,,,,,,,,
1952,,,,,,,,,,
1953,,,,,,,,,,
1954,,,,,,,,,,
1955,,,,,,,,,,
1956,,,,,,,,,,
1957,,,,,,,,,,
1958,,,,,,,,,,
1959,,,,,,,,,,
1960,,,,,,,,,,
1961,,,,,,,,,,
1962,,,,,,,,,,
1963,,,,,,,,,,
1964,,,,,,,,,,
1965,,,,,,,,,,
1966,,,,,,,,,,
1967,,,,,,,,,,
1968,,,,,,,,,,
1969,,,,,,,,,,
1970,,,,,,,,,,
1971,,,,,,,,,,
1972,,,,,,,,,,
1973,,,,,,,,,,
1974,,,,,,,,,,
1975,,,,,,,,,,
1976,,,,,,,,,,
1977,,,,,,,,,,
1978,,,,,,,,,,
1979,,,,,,,,,,
1980,,,,,,,,,,
1981,,,,,,,,,,
1982,,,,,,,,,,
1983,,,,,,,,,,
1984,,,,,,,,,,
1985,,,,,,,,,,
1986,,,,,,,,,,
1987,,,,,,,,,,
1988,,,,,,,,,,
1989,,,,,,,,,,
1990,,,,,,,,,,
1991,,,,,,,,,,
1992,,,,,,,,,,
1993,,,,,,,,,,
1994,,,,,,,,,,
1995,,,,,,,,,,
1996,,,,,,,,,,
1997,,,,,,,,,,
1998,,,,,,,,,,
1999,,,,,,,,,,
2000,,,,,,,,,,
2001,,,,,,,,,,
2002,,,,,,,,,,
2003,,,,,,,,,,
2004,,,,,,,,,,
2005,,,,,,,,,,
2006,,,,,,,,,,
2007,,,,,,,,,,
2008,,,,,,,,,,
2009,,,,,,,,,,
2010,,,,,,,,,,
2011,,,,,,,,,,
2012,,,,,,,,,,
2013,,,,,,,,,,
2014,,,,,,,,,,
2015,,,,,,,,,,
2016,,,,,,,,,,
2017,,,,,,,,,,
2018,,,,,,,,,,
2019,,,,,,,,,,
2020,,,,,,,,,,
2021,,,,,,,,,,
2022,,,,,,,,,,
2023,,,,,,,,,,
2024,,,,,,,,,,
2025,,,,,,,,,,
2026,,,,,,,,,,
2027,,,,,,,,,,
2028,,,,,,,,,,
2029,,,,,,,,,,
2030,,,,,,,,,,
2031,,,,,,,,,,
2032,,,,,,,,,,
2033,,,,,,,,,,
2034,,,,,,,,,,
2035,,,,,,,,,,
2036,,,,,,,,,,
2037,,,,,,,,,,
2038,,,,,,,,,,
2039,,,,,,,,,,
2040,,,,,,,,,,
2041,,,,,,,,,,
2042,,,,,,,,,,
2043,,,,,,,,,,
2044,,,,,,,,,,
2045,,,,,,,,,,
2046,,,,,,,,,,
2047,,,,,,,,,,
2048,,,,,,,,,,
2049,,,,,,,,,,
2050,,,,,,,,,,
2051,,,,,,,,,,
2052,,,,,,,,,,
2053,,,,,,,,,,
2054,,,,,,,,,,
2055,,,,,,,,,,
2056,,,,,,,,,,
2057,,,,,,,,,,
2058,,,,,,,,,,
2059,,,,,,,,,,
2060,,,,,,,,,,
2061,,,,,,,,,,
2062,,,,,,,,,,
2063,,,,,,,,,,
2064,,,,,,,,,,
2065,,,,,,,,,,
2066,,,,,,,,,,
2067,,,,,,,,,,
2068,,,,,,,,,,
2069,,,,,,,,,,
2070,,,,,,,,,,
2071,,,,,,,,,,
2072,,,,,,,,,,
2073,,,,,,,,,,
2074,,,,,,,,,,
2075,,,,,,,,,,
2076,,,,,,,,,,
2077,,,,,,,,,,
2078,,,,,,,,,,
2079,,,,,,,,,,
2080,,,,,,,,,,
2081,,,,,,,,,,
2082,,,,,,,,,,
2083,,,,,,,,,,
2084,,,,,,,,,,
2085,,,,,,,,,,
2086,,,,,,,,,,
2087,,,,,,,,,,
2088,,,,,,,,,,
2089,,,,,,,,,,
2090,,,,,,,,,,
2091,,,,,,,,,,
2092,,,,,,,,,,
2093,,,,,,,,,,
2094,,,,,,,,,,
2095,,,,,,,,,,
2096,,,,,,,,,,
2097,,,,,,,,,,
2098,,,,,,,,,,
2099,,,,,,,,,,
2100,,,,,,,,,,
2101,,,,,,,,,,
2102,,,,,,,,,,
2103,,,,,,,,,,
2104,,,,,,,,,,
2105,,,,,,,,,,
2106,,,,,,,,,,
2107,,,,,,,,,,
2108,,,,,,,,,,
2109,,,,,,,,,,
2110,,,,,,,,,,
2111,,,,,,,,,,
2112,,,,,,,,,,
2113,,,,,,,,,,
2114,,,,,,,,,,
2115,,,,,,,,,,
2116,,,,,,,,,,
2117,,,,,,,,,,
2118,,,,,,,,,,
2119,,,,,,,,,,
2120,,,,,,,,,,
2121,,,,,,,,,,
2122,,,,,,,,,,
2123,,,,,,,,,,
2124,,,,,,,,,,
2125,,,,,,,,,,
2126,,,,,,,,,,
2127,,,,,,,,,,
2128,,,,,,,,,,
2129,,,,,,,,,,
2130,,,,,,,,,,
2131,,,,,,,,,,
2132,,,,,,,,,,
2133,,,,,,,,,,
2134,,,,,,,,,,
2135,,,,,,,,,,
2136,,,,,,,,,,
2137,,,,,,,,,,
2138,,,,,,,,,,
2139,,,,,,,,,,
2140,,,,,,,,,,
2141,,,,,,,,,,
2142,,,,,,,,,,
2143,,,,,,,,,,
2144,,,,,,,,,,
2145,,,,,,,,,,
2146,,,,,,,,,,
2147,,,,,,,,,,
2148,,,,,,,,,,
2149,,,,,,,,,,
2150,,,,,,,,,,
2151,,,,,,,,,,
2152,,,,,,,,,,
2153,,,,,,,,,,
2154,,,,,,,,,,
2155,,,,,,,,,,
2156,,,,,,,,,,
2157,,,,,,,,,,
2158,,,,,,,,,,
2159,,,,,,,,,,
2160,,,,,,,,,,
2161,,,,,,,,,,
2162,,,,,,,,,,
2163,,,,,,,,,,
2164,,,,,,,,,,
2165,,,,,,,,,,
2166,,,,,,,,,,
2167,,,,,,,,,,
2168,,,,,,,,,,
2169,,,,,,,,,,
2170,,,,,,,,,,
2171,,,,,,,,,,
2172,,,,,,,,,,
2173,,,,,,,,,,
2174,,,,,,,,,,
2175,,,,,,,,,,
2176,,,,,,,,,,
2177,,,,,,,,,,
2178,,,,,,,,,,
2179,,,,,,,,,,
2180,,,,,,,,,,
2181,,,,,,,,,,
2182,,,,,,,,,,
2183,,,,,,,,,,
2184,,,,,,,,,,
2185,,,,,,,,,,
2186,,,,,,,,,,
2187,,,,,,,,,,
2188,,,,,,,,,,
2189,,,,,,,,,,
2190,,,,,,,,,,
2191,,,,,,,,,,
2192,,,,,,,,,,
2193,,,,,,,,,,
2194,,,,,,,,,,
2195,,,,,,,,,,
2196,,,,,,,,,,
2197,,,,,,,,,,
2198,,,,,,,,,,
2199,,,,,,,,,,
2200,,,,,,,,,,
2201,,,,,,,,,,
2202,,,,,,,,,,
2203,,,,,,,,,,
2204,,,,,,,,,,
2205,,,,,,,,,,
2206,,,,,,,,,,
2207,,,,,,,,,,
2208,,,,,,,,,,
2209,,,,,,,,,,
2210,,,,,,,,,,
2211,,,,,,,,,,
2212,,,,,,,,,,
2213,,,,,,,,,,
2214,,,,,,,,,,
2215,,,,,,,,,,
2216,,,,,,,,,,
2217,,,,,,,,,,
2218,,,,,,,,,,
2219,,,,,,,,,,
2220,,,,,,,,,,
2221,,,,,,,,,,
2222,,,,,,,,,,
2223,,,,,,,,,,
2224,,,,,,,,,,
2225,,,,,,,,,,
2226,,,,,,,,,,
2227,,,,,,,,,,
2228,,,,,,,,,,
2229,,,,,,,,,,
2230,,,,,,,,,,
2231,,,,,,,,,,
2232,,,,,,,,,,
2233,,,,,,,,,,
2234,,,,,,,,,,
2235,,,,,,,,,,
2236,,,,,,,,,,
2237,,,,,,,,,,
2238,,,,,,,,,,
2239,,,,,,,,,,
2240,,,,,,,,,,
2241,,,,,,,,,,
2242,,,,,,,,,,
2243,,,,,,,,,,
2244,,,,,,,,,,
2245,,,,,,,,,,
2246,,,,,,,,,,
2247,,,,,,,,,,
2248,,,,,,,,,,
2249,,,,,,,,,,
2250,,,,,,,,,,
2251,,,,,,,,,,
2252,,,,,,,,,,
2253,,,,,,,,,,
2254,,,,,,,,,,
2255,,,,,,,,,,
2256,,,,,,,,,,
2257,,,,,,,,,,
2258,,,,,,,,,,
2259,,,,,,,,,,
2260,,,,,,,,,,
2261,,,,,,,,,,
2262,,,,,,,,,,
2263,,,,,,,,,,
2264,,,,,,,,,,
2265,,,,,,,,,,
2266,,,,,,,,,,
2267,,,,,,,,,,
2268,,,,,,,,,,
2269,,,,,,,,,,
2270,,,,,,,,,,
2271,,,,,,,,,,
2272,,,,,,,,,,
2273,,,,,,,,,,
2274,,,,,,,,,,
2275,,,,,,,,,,
2276,,,,,,,,,,
2277,,,,,,,,,,
2278,,,,,,,,,,
2279,,,,,,,,,,
2280,,,,,,,,,,
2281,,,,,,,,,,
2282,,,,,,,,,,
2283,,,,,,,,,,
2284,,,,,,,,,,
2285,,,,,,,,,,
2286,,,,,,,,,,
2287,,,,,,,,,,
2288,,,,,,,,,,
2289,,,,,,,,,,
2290,,,,,,,,,,
2291,,,,,,,,,,
2292,,,,,,,,,,
2293,,,,,,,,,,
2294,,,,,,,,,,
2295,,,,,,,,,,
2296,,,,,,,,,,
2297,,,,,,,,,,
2298,,,,,,,,,,
2299,,,,,,,,,,
2300,,,,,,,,,,
2301,,,,,,,,,,
2302,,,,,,,,,,
2303,,,,,,,,,,
2304,,,,,,,,,,
2305,,,,,,,,,,
2306,,,,,,,,,,
2307,,,,,,,,,,
2308,,,,,,,,,,
2309,,,,,,,,,,
2310,,,,,,,,,,
2311,,,,,,,,,,
2312,,,,,,,,,,
2313,,,,,,,,,,
2314,,,,,,,,,,
2315,,,,,,,,,,
2316,,,,,,,,,,
2317,,,,,,,,,,
2318,,,,,,,,,,
2319,,,,,,,,,,
2320,,,,,,,,,,
2321,,,,,,,,,,
2322,,,,,,,,,,
2323,,,,,,,,,,
2324,,,,,,,,,,
2325,,,,,,,,,,
2326,,,,,,,,,,
2327,,,,,,,,,,
2328,,,,,,,,,,
2329,,,,,,,,,,
2330,,,,,,,,,,
2331,,,,,,,,,,
2332,,,,,,,,,,
2333,,,,,,,,,,
2334,,,,,,,,,,
2335,,,,,,,,,,
2336,,,,,,,,,,
2337,,,,,,,,,,
2338,,,,,,,,,,
2339,,,,,,,,,,
2340,,,,,,,,,,
2341,,,,,,,,,,
2342,,,,,,,,,,
2343,,,,,,,,,,
2344,,,,,,,,,,
2345,,,,,,,,,,
2346,,,,,,,,,,
2347,,,,,,,,,,
2348,,,,,,,,,,
2349,,,,,,,,,,
2350,,,,,,,,,,
2351,,,,,,,,,,
2352,,,,,,,,,,
2353,,,,,,,,,,
2354,,,,,,,,,,
2355,,,,,,,,,,
2356,,,,,,,,,,
2357,,,,,,,,,,
2358,,,,,,,,,,
2359,,,,,,,,,,
2360,,,,,,,,,,
2361,,,,,,,,,,
2362,,,,,,,,,,
2363,,,,,,,,,,
2364,,,,,,,,,,
2365,,,,,,,,,,
2366,,,,,,,,,,
2367,,,,,,,,,,
2368,,,,,,,,,,
2369,,,,,,,,,,
2370,,,,,,,,,,
2371,,,,,,,,,,
2372,,,,,,,,,,
2373,,,,,,,,,,
2374,,,,,,,,,,
2375,,,,,,,,,,
2376,,,,,,,,,,
2377,,,,,,,,,,
2378,,,,,,,,,,
2379,,,,,,,,,,
2380,,,,,,,,,,
2381,,,,,,,,,,
2382,,,,,,,,,,
2383,,,,,,,,,,
2384,,,,,,,,,,
2385,,,,,,,,,,
2386,,,,,,,,,,
2387,,,,,,,,,,
2388,,,,,,,,,,
2389,,,,,,,,,,
2390,,,,,,,,,,
2391,,,,,,,,,,
2392,,,,,,,,,,
2393,,,,,,,,,,
2394,,,,,,,,,,
2395,,,,,,,,,,
2396,,,,,,,,,,
2397,,,,,,,,,,
2398,,,,,,,,,,
2399,,,,,,,,,,
2400,,,,,,,,,,
2401,,,,,,,,,,
2402,,,,,,,,,,
2403,,,,,,,,,,
2404,,,,,,,,,,
2405,,,,,,,,,,
2406,,,,,,,,,,
2407,,,,,,,,,,
2408,,,,,,,,,,
2409,,,,,,,,,,
2410,,,,,,,,,,
2411,,,,,,,,,,
2412,,,,,,,,,,
2413,,,,,,,,,,
2414,,,,,,,,,,
2415,,,,,,,,,,
2416,,,,,,,,,,
2417,,,,,,,,,,
2418,,,,,,,,,,
2419,,,,,,,,,,
2420,,,,,,,,,,
2421,,,,,,,,,,
2422,,,,,,,,,,
2423,,,,,,,,,,
2424,,,,,,,,,,
2425,,,,,,,,,,
2426,,,,,,,,,,
2427,,,,,,,,,,
2428,,,,,,,,,,
2429,,,,,,,,,,
2430,,,,,,,,,,
2431,,,,,,,,,,
2432,,,,,,,,,,
2433,,,,,,,,,,
2434,,,,,,,,,,
2435,,,,,,,,,,
2436,,,,,,,,,,
2437,,,,,,,,,,
2438,,,,,,,,,,
2439,,,,,,,,,,
2440,,,,,,,,,,
2441,,,,,,,,,,
2442,,,,,,,,,,
2443,,,,,,,,,,
2444,,,,,,,,,,
2445,,,,,,,,,,
2446,,,,,,,,,,
2447,,,,,,,,,,
2448,,,,,,,,,,
2449,,,,,,,,,,
2450,,,,,,,,,,
2451,,,,,,,,,,
2452,,,,,,,,,,
2453,,,,,,,,,,
2454,,,,,,,,,,
2455,,,,,,,,,,
2456,,,,,,,,,,
2457,,,,,,,,,,
2458,,,,,,,,,,
2459,,,,,,,,,,
2460,,,,,,,,,,
2461,,,,,,,,,,
2462,,,,,,,,,,
2463,,,,,,,,,,
2464,,,,,,,,,,
2465,,,,,,,,,,
2466,,,,,,,,,,
2467,,,,,,,,,,
2468,,,,,,,,,,
2469,,,,,,,,,,
2470,,,,,,,,,,
2471,,,,,,,,,,
2472,,,,,,,,,,
2473,,,,,,,,,,
2474,,,,,,,,,,
2475,,,,,,,,,,
2476,,,,,,,,,,
2477,,,,,,,,,,
2478,,,,,,,,,,
2479,,,,,,,,,,
2480,,,,,,,,,,
2481,,,,,,,,,,
2482,,,,,,,,,,
2483,,,,,,,,,,
2484,,,,,,,,,,
2485,,,,,,,,,,
2486,,,,,,,,,,
2487,,,,,,,,,,
2488,,,,,,,,,,
2489,,,,,,,,,,
2490,,,,,,,,,,
2491,,,,,,,,,,
2492,,,,,,,,,,
2493,,,,,,,,,,
2494,,,,,,,,,,
2495,,,,,,,,,,
2496,,,,,,,,,,
2497,,,,,,,,,,
2498,,,,,,,,,,
2499,,,,,,,,,,
2500,,,,,,,,,,
2501,,,,,,,,,,
2502,,,,,,,,,,
2503,,,,,,,,,,
2504,,,,,,,,,,
2505,,,,,,,,,,
2506,,,,,,,,,,
2507,,,,,,,,,,
2508,,,,,,,,,,
2509,,,,,,,,,,
2510,,,,,,,,,,
2511,,,,,,,,,,
2512,,,,,,,,,,
2513,,,,,,,,,,
2514,,,,,,,,,,
2515,,,,,,,,,,
2516,,,,,,,,,,
2517,,,,,,,,,,
2518,,,,,,,,,,
2519,,,,,,,,,,
2520,,,,,,,,,,
2521,,,,,,,,,,
2522,,,,,,,,,,
2523,,,,,,,,,,
2524,,,,,,,,,,
2525,,,,,,,,,,
2526,,,,,,,,,,
2527,,,,,,,,,,
2528,,,,,,,,,,
2529,,,,,,,,,,
2530,,,,,,,,,,
2531,,,,,,,,,,
2532,,,,,,,,,,
2533,,,,,,,,,,
2534,,,,,,,,,,
2535,,,,,,,,,,
2536,,,,,,,,,,
2537,,,,,,,,,,
2538,,,,,,,,,,
2539,,,,,,,,,,
2540,,,,,,,,,,
2541,,,,,,,,,,
2542,,,,,,,,,,
2543,,,,,,,,,,
2544,,,,,,,,,,
2545,,,,,,,,,,
2546,,,,,,,,,,
2547,,,,,,,,,,
2548,,,,,,,,,,
2549,,,,,,,,,,
2550,,,,,,,,,,
2551,,,,,,,,,,
2552,,,,,,,,,,
2553,,,,,,,,,,
2554,,,,,,,,,,
2555,,,,,,,,,,
2556,,,,,,,,,,
2557,,,,,,,,,,
2558,,,,,,,,,,
2559,,,,,,,,,,
2560,,,,,,,,,,
2561,,,,,,,,,,
2562,,,,,,,,,,
2563,,,,,,,,,,
2564,,,,,,,,,,
2565,,,,,,,,,,
2566,,,,,,,,,,
2567,,,,,,,,,,
2568,,,,,,,,,,
2569,,,,,,,,,,
2570,,,,,,,,,,
2571,,,,,,,,,,
2572,,,,,,,,,,
2573,,,,,,,,,,
2574,,,,,,,,,,
2575,,,,,,,,,,
2576,,,,,,,,,,
2577,,,,,,,,,,
2578,,,,,,,,,,
2579,,,,,,,,,,
2580,,,,,,,,,,
2581,,,,,,,,,,
2582,,,,,,,,,,
2583,,,,,,,,,,
2584,,,,,,,,,,
2585,,,,,,,,,,
2586,,,,,,,,,,
2587,,,,,,,,,,
2588,,,,,,,,,,
2589,,,,,,,,,,
2590,,,,,,,,,,
2591,,,,,,,,,,
2592,,,,,,,,,,
2593,,,,,,,,,,
2594,,,,,,,,,,
2595,,,,,,,,,,
2596,,,,,,,,,,
2597,,,,,,,,,,
2598,,,,,,,,,,
2599,,,,,,,,,,
2600,,,,,,,,,,
2601,,,,,,,,,,
2602,,,,,,,,,,
2603,,,,,,,,,,
2604,,,,,,,,,,
2605,,,,,,,,,,
2606,,,,,,,,,,
2607,,,,,,,,,,
2608,,,,,,,,,,
2609,,,,,,,,,,
2610,,,,,,,,,,
2611,,,,,,,,,,
2612,,,,,,,,,,
2613,,,,,,,,,,
2614,,,,,,,,,,
2615,,,,,,,,,,
2616,,,,,,,,,,
2617,,,,,,,,,,
2618,,,,,,,,,,
2619,,,,,,,,,,
2620,,,,,,,,,,
2621,,,,,,,,,,
2622,,,,,,,,,,
2623,,,,,,,,,,
2624,,,,,,,,,,
2625,,,,,,,,,,
2626,,,,,,,,,,
2627,,,,,,,,,,
2628,,,,,,,,,,
2629,,,,,,,,,,
2630,,,,,,,,,,
2631,,,,,,,,,,
2632,,,,,,,,,,
2633,,,,,,,,,,
2634,,,,,,,,,,
2635,,,,,,,,,,
2636,,,,,,,,,,
2637,,,,,,,,,,
2638,,,,,,,,,,
2639,,,,,,,,,,
2640,,,,,,,,,,
2641,,,,,,,,,,
2642,,,,,,,,,,
2643,,,,,,,,,,
2644,,,,,,,,,,
2645,,,,,,,,,,
2646,,,,,,,,,,
2647,,,,,,,,,,
2648,,,,,,,,,,
2649,,,,,,,,,,
2650,,,,,,,,,,
2651,,,,,,,,,,
2652,,,,,,,,,,
2653,,,,,,,,,,
2654,,,,,,,,,,
2655,,,,,,,,,,
2656,,,,,,,,,,
2657,,,,,,,,,,
2658,,,,,,,,,,
2659,,,,,,,,,,
2660,,,,,,,,,,
2661,,,,,,,,,,
2662,,,,,,,,,,
2663,,,,,,,,,,
2664,,,,,,,,,,
2665,,,,,,,,,,
2666,,,,,,,,,,
2667,,,,,,,,,,
2668,,,,,,,,,,
2669,,,,,,,,,,
2670,,,,,,,,,,
2671,,,,,,,,,,
2672,,,,,,,,,,
2673,,,,,,,,,,
2674,,,,,,,,,,
2675,,,,,,,,,,
2676,,,,,,,,,,
2677,,,,,,,,,,
2678,,,,,,,,,,
2679,,,,,,,,,,
2680,,,,,,,,,,
2681,,,,,,,,,,
2682,,,,,,,,,,
2683,,,,,,,,,,
2684,,,,,,,,,,
2685,,,,,,,,,,
2686,,,,,,,,,,
2687,,,,,,,,,,
2688,,,,,,,,,,
2689,,,,,,,,,,
2690,,,,,,,,,,
2691,,,,,,,,,,
2692,,,,,,,,,,
2693,,,,,,,,,,
2694,,,,,,,,,,
2695,,,,,,,,,,
2696,,,,,,,,,,
2697,,,,,,,,,,
2698,,,,,,,,,,
2699,,,,,,,,,,
2700,,,,,,,,,,
2701,,,,,,,,,,
2702,,,,,,,,,,
2703,,,,,,,,,,
2704,,,,,,,,,,
2705,,,,,,,,,,
2706,,,,,,,,,,
2707,,,,,,,,,,
2708,,,,,,,,,,
2709,,,,,,,,,,
2710,,,,,,,,,,
2711,,,,,,,,,,
2712,,,,,,,,,,
2713,,,,,,,,,,
2714,,,,,,,,,,
2715,,,,,,,,,,
2716,,,,,,,,,,
2717,,,,,,,,,,
2718,,,,,,,,,,
2719,,,,,,,,,,
2720,,,,,,,,,,
2721,,,,,,,,,,
2722,,,,,,,,,,
2723,,,,,,,,,,
2724,,,,,,,,,,
2725,,,,,,,,,,
2726,,,,,,,,,,
2727,,,,,,,,,,
2728,,,,,,,,,,
2729,,,,,,,,,,
2730,,,,,,,,,,
2731,,,,,,,,,,
2732,,,,,,,,,,
2733,,,,,,,,,,
2734,,,,,,,,,,
2735,,,,,,,,,,
2736,,,,,,,,,,
2737,,,,,,,,,,
2738,,,,,,,,,,
2739,,,,,,,,,,
2740,,,,,,,,,,
2741,,,,,,,,,,
2742,,,,,,,,,,
2743,,,,,,,,,,
2744,,,,,,,,,,
2745,,,,,,,,,,
2746,,,,,,,,,,
2747,,,,,,,,,,
2748,,,,,,,,,,
2749,,,,,,,,,,
2750,,,,,,,,,,
2751,,,,,,,,,,
2752,,,,,,,,,,
2753,,,,,,,,,,
2754,,,,,,,,,,
2755,,,,,,,,,,
2756,,,,,,,,,,
2757,,,,,,,,,,
2758,,,,,,,,,,
2759,,,,,,,,,,
2760,,,,,,,,,,
2761,,,,,,,,,,
2762,,,,,,,,,,
2763,,,,,,,,,,
2764,,,,,,,,,,
2765,,,,,,,,,,
2766,,,,,,,,,,
2767,,,,,,,,,,
2768,,,,,,,,,,
2769,,,,,,,,,,
2770,,,,,,,,,,
2771,,,,,,,,,,
2772,,,,,,,,,,
2773,,,,,,,,,,
2774,,,,,,,,,,
2775,,,,,,,,,,
2776,,,,,,,,,,
2777,,,,,,,,,,
2778,,,,,,,,,,
2779,,,,,,,,,,
2780,,,,,,,,,,
2781,,,,,,,,,,
2782,,,,,,,,,,
2783,,,,,,,,,,
2784,,,,,,,,,,
2785,,,,,,,,,,
2786,,,,,,,,,,
2787,,,,,,,,,,
2788,,,,,,,,,,
2789,,,,,,,,,,
2790,,,,,,,,,,
2791,,,,,,,,,,
2792,,,,,,,,,,
2793,,,,,,,,,,
2794,,,,,,,,,,
2795,,,,,,,,,,
2796,,,,,,,,,,
2797,,,,,,,,,,
2798,,,,,,,,,,
2799,,,,,,,,,,
2800,,,,,,,,,,
2801,,,,,,,,,,
2802,,,,,,,,,,
2803,,,,,,,,,,
2804,,,,,,,,,,
2805,,,,,,,,,,
2806,,,,,,,,,,
2807,,,,,,,,,,
2808,,,,,,,,,,
2809,,,,,,,,,,
2810,,,,,,,,,,
2811,,,,,,,,,,
2812,,,,,,,,,,
2813,,,,,,,,,,
2814,,,,,,,,,,
2815,,,,,,,,,,
2816,,,,,,,,,,
2817,,,,,,,,,,
2818,,,,,,,,,,
2819,,,,,,,,,,
2820,,,,,,,,,,
2821,,,,,,,,,,
2822,,,,,,,,,,
2823,,,,,,,,,,
2824,,,,,,,,,,
2825,,,,,,,,,,
2826,,,,,,,,,,
2827,,,,,,,,,,
2828,,,,,,,,,,
2829,,,,,,,,,,
2830,,,,,,,,,,
2831,,,,,,,,,,
2832,,,,,,,,,,
2833,,,,,,,,,,
2834,,,,,,,,,,
2835,,,,,,,,,,
2836,,,,,,,,,,
2837,,,,,,,,,,
2838,,,,,,,,,,
2839,,,,,,,,,,
2840,,,,,,,,,,
2841,,,,,,,,,,
2842,,,,,,,,,,
2843,,,,,,,,,,
2844,,,,,,,,,,
2845,,,,,,,,,,
2846,,,,,,,,,,
2847,,,,,,,,,,
2848,,,,,,,,,,
2849,,,,,,,,,,
2850,,,,,,,,,,
2851,,,,,,,,,,
2852,,,,,,,,,,
2853,,,,,,,,,,
2854,,,,,,,,,,
2855,,,,,,,,,,
2856,,,,,,,,,,
2857,,,,,,,,,,
2858,,,,,,,,,,
2859,,,,,,,,,,
2860,,,,,,,,,,
2861,,,,,,,,,,
2862,,,,,,,,,,
2863,,,,,,,,,,
2864,,,,,,,,,,
2865,,,,,,,,,,
2866,,,,,,,,,,
2867,,,,,,,,,,
2868,,,,,,,,,,
2869,,,,,,,,,,
2870,,,,,,,,,,
2871,,,,,,,,,,
2872,,,,,,,,,,
2873,,,,,,,,,,
2874,,,,,,,,,,
2875,,,,,,,,,,
2876,,,,,,,,,,
2877,,,,,,,,,,
2878,,,,,,,,,,
2879,,,,,,,,,,
2880,,,,,,,,,,
2881,,,,,,,,,,
2882,,,,,,,,,,
2883,,,,,,,,,,
2884,,,,,,,,,,
2885,,,,,,,,,,
2886,,,,,,,,,,
2887,,,,,,,,,,
2888,,,,,,,,,,
2889,,,,,,,,,,
2890,,,,,,,,,,
2891,,,,,,,,,,
2892,,,,,,,,,,
2893,,,,,,,,,,
2894,,,,,,,,,,
2895,,,,,,,,,,
2896,,,,,,,,,,
2897,,,,,,,,,,
2898,,,,,,,,,,
2899,,,,,,,,,,
2900,,,,,,,,,,
2901,,,,,,,,,,
2902,,,,,,,,,,
2903,,,,,,,,,,
2904,,,,,,,,,,
2905,,,,,,,,,,
2906,,,,,,,,,,
2907,,,,,,,,,,
2908,,,,,,,,,,
2909,,,,,,,,,,
2910,,,,,,,,,,
2911,,,,,,,,,,
2912,,,,,,,,,,
2913,,,,,,,,,,
2914,,,,,,,,,,
2915,,,,,,,,,,
2916,,,,,,,,,,
2917,,,,,,,,,,
2918,,,,,,,,,,
2919,,,,,,,,,,
2920,,,,,,,,,,
2921,,,,,,,,,,
2922,,,,,,,,,,
2923,,,,,,,,,,
2924,,,,,,,,,,
2925,,,,,,,,,,
2926,,,,,,,,,,
2927,,,,,,,,,,
2928,,,,,,,,,,
2929,,,,,,,,,,
2930,,,,,,,,,,
2931,,,,,,,,,,
2932,,,,,,,,,,
2933,,,,,,,,,,
2934,,,,,,,,,,
2935,,,,,,,,,,
2936,,,,,,,,,,
2937,,,,,,,,,,
2938,,,,,,,,,,
2939,,,,,,,,,,
2940,,,,,,,,,,
2941,,,,,,,,,,
2942,,,,,,,,,,
2943,,,,,,,,,,
2944,,,,,,,,,,
2945,,,,,,,,,,
2946,,,,,,,,,,
2947,,,,,,,,,,
2948,,,,,,,,,,
2949,,,,,,,,,,
2950,,,,,,,,,,
2951,,,,,,,,,,
2952,,,,,,,,,,
2953,,,,,,,,,,
2954,,,,,,,,,,
2955,,,,,,,,,,
2956,,,,,,,,,,
2957,,,,,,,,,,
2958,,,,,,,,,,
2959,,,,,,,,,,
2960,,,,,,,,,,
2961,,,,,,,,,,
2962,,,,,,,,,,
2963,,,,,,,,,,
2964,,,,,,,,,,
2965,,,,,,,,,,
2966,,,,,,,,,,
2967,,,,,,,,,,
2968,,,,,,,,,,
2969,,,,,,,,,,
2970,,,,,,,,,,
2971,,,,,,,,,,
2972,,,,,,,,,,
2973,,,,,,,,,,
2974,,,,,,,,,,
2975,,,,,,,,,,
2976,,,,,,,,,,
2977,,,,,,,,,,
2978,,,,,,,,,,
2979,,,,,,,,,,
2980,,,,,,,,,,
2981,,,,,,,,,,
2982,,,,,,,,,,
2983,,,,,,,,,,
2984,,,,,,,,,,
2985,,,,,,,,,,
2986,,,,,,,,,,
2987,,,,,,,,,,
2988,,,,,,,,,,
2989,,,,,,,,,,
2990,,,,,,,,,,
2991,,,,,,,,,,
2992,,,,,,,,,,
2993,,,,,,,,,,
2994,,,,,,,,,,
2995,,,,,,,,,,
2996,,,,,,,,,,
2997,,,,,,,,,,
2998,,,,,,,,,,
2999,,,,,,,,,,
3000,,,,,,,,,,
3001,,,,,,,,,,
3002,,,,,,,,,,
3003,,,,,,,,,,
3004,,,,,,,,,,
3005,,,,,,,,,,
3006,,,,,,,,,,
3007,,,,,,,,,,
3008,,,,,,,,,,
3009,,,,,,,,,,
3010,,,,,,,,,,
3011,,,,,,,,,,
3012,,,,,,,,,,
3013,,,,,,,,,,
3014,,,,,,,,,,
3015,,,,,,,,,,
3016,,,,,,,,,,
3017,,,,,,,,,,
3018,,,,,,,,,,
3019,,,,,,,,,,
3020,,,,,,,,,,
3021,,,,,,,,,,
3022,,,,,,,,,,
3023,,,,,,,,,,
3024,,,,,,,,,,
3025,,,,,,,,,,
3026,,,,,,,,,,
3027,,,,,,,,,,
3028,,,,,,,,,,
3029,,,,,,,,,,
3030,,,,,,,,,,
3031,,,,,,,,,,
3032,,,,,,,,,,
3033,,,,,,,,,,
3034,,,,,,,,,,
3035,,,,,,,,,,
3036,,,,,,,,,,
3037,,,,,,,,,,
3038,,,,,,,,,,
3039,,,,,,,,,,
3040,,,,,,,,,,
3041,,,,,,,,,,
3042,,,,,,,,,,
3043,,,,,,,,,,
3044,,,,,,,,,,
3045,,,,,,,,,,
3046,,,,,,,,,,
3047,,,,,,,,,,
3048,,,,,,,,,,
3049,,,,,,,,,,
3050,,,,,,,,,,
3051,,,,,,,,,,
3052,,,,,,,,,,
3053,,,,,,,,,,
3054,,,,,,,,,,
3055,,,,,,,,,,
3056,,,,,,,,,,
3057,,,,,,,,,,
3058,,,,,,,,,,
3059,,,,,,,,,,
3060,,,,,,,,,,
3061,,,,,,,,,,
3062,,,,,,,,,,
3063,,,,,,,,,,
3064,,,,,,,,,,
3065,,,,,,,,,,
